,sentence,label
0,"본 발명은 2종 이상의 생약 추출물을 유효성분으로 포함하는, 면역력 증진용 조성물 및 인터페론 감마 분비 촉진용 조성물에 관한 것이다. 상기 2종 이상의 추출물의 조합은 세포에 독성이 없으면서 체내 면역력을 촉진하는 인터페론 감마의 분비를 시너지하게 증가시키므로, 면역력 증진을 위하여 유용하게 사용될 수 있다.",1
1,본 발명은 타히보 추출물 및 팔각회향을 유효성분으로 포함하는 면역 증진용 조성물에 관한 것이다.,1
2,"본 출원은 신규한 터키 겨우살이의 추출물, 렉틴 및 상기 추출물 또는 렉틴의 제조방법을 제공하며, 상기 터키 겨우살이 추출물을 함유하는 운동력 증진 및 면역 개선 기능성 식품 조성물, 당뇨의 예방 및 치료용 약학적 조성물에 관한 것이다.",1
3,"아로니아(Aronia) 열매 추출물, 댕댕이나무(Lonicera caerulea) 열매 추출물, 구기자(Lycium Chinese Miller) 추출물, 당귀(Angelica sp.) 추출물, 해백(Allium macrostemon Bunge) 추출물 및 만삼(Codonopsis pilosula) 추출물로 구성되는 식물 추출물 중에서 적어도 3종이 배합된 복합 식물 추출물을 유효성분으로 포함하는 면역 증진용 조성물에 관한 것이다. 본 발명에 사용된 복합 식물 추출물은 선천성 면역과 후천성 면역을 모두 증진시킬 수 있다. 천연 소재를 활용하여 인체에 대한 독성이나 부작용이 없이 안전하게 섭취, 복용할 수 있으며, 면역 증진을 위한 약품이나 기능성 식품의 유효성분으로 활용될 수 있다.",1
4,"본 발명의 청각 추출물 및 홍삼 추출물을 포함하는 선천성 면역 증진용 조성물에 관한 것으로, 본 발명의 청각 추출물 및 홍삼 추출물을 포함하는 선천성 면역 증진용 조성물을 대식세포에 처리한 결과 활성화된 대식세포에서 분비되는 대표적인 국소 단백질인 TNF-α, IL-1β 및 IL-6 등과 같은 사이토카인의 발현과 산화질소(NO)의 생성량 및 대식세포의 식세포작용 효과를 증가시켜 선천성 면역 능력을 증진시키는 효과가 있다.",1
5,"본 발명은 청각 추출물 및 홍삼 추출물을 포함하는 후천성 면역 증진용 조성물에 관한 것으로, 본 발명의 청각 추출물 및 홍삼 추출물을 포함하는 면역 증진용 조성물은 CY(cyclophosphamide)처리에 의한 면역저하 유도 동물모델에서 비장 지수를 증가시키고, 면역체계를 담당하는 B 세포 또는 T 세포의 활성을 유도하며, 자연살해세포의 활성과 사이토카인 생성을 증가시켜 면역능력을 증진시키는 효과가 있다.",1
6,"본 발명은 효소 처리된 노니 추출물을 유효 성분으로 포함하는 면역 증진 조성물 제조방법에 관한 것으로, 본 발명에 따르면 면역 관련 인자의 생성을 향상시킬 수 있으므로 면역력 증진 효과를 가지는 추출물을 제공할 수 있다. 또한, 건강 기능성 조성물로서 식품 등 다양한 분야에 적용할 수 있다.",1
7,"본 발명은 면역 억제 효과가 증진된 중간엽 줄기세포의 제조 방법 및 이로부터 제조된 면역 억제 효과가 증진된 중간엽 줄기세포에 관한 것이다.  본 발명에 따른 면역 억제 효과가 증진된 중간엽 줄기 세포의 제조 방법은 중간엽 줄기세포, 특히 후기 계대의 중간엽 줄기세포에서 조직 재생 및 면역 조절에 관여하는 인자들의 분비능을 증진시킴으로써 중간엽 줄기 세포의 면역 억제 활성을 증가시켜 인체 이식에 적합한 세포 치료제로써의 중간엽 줄기세포 제공할 수 있다.",1
8,"본 발명은 항산화 기능성 및 혈류개선에 효과가 있는 부추 유산균 발효액에 관한 것으로, 더욱 상세하게는 부추 당침액 유산균 발효액에 사균을 첨가하여 제조한 부추 유산균 발효액은 면역활성 증진 기능성 식품 조성물을 함유한 가공 식품을 제조할 수 있는 뛰어난 효과가 있다.",1
9,본 발명은 좁은잎천선과 추출물을 유효성분으로 포함하는 면역 증진용 조성물에 관한 것이다.,1
10,본 발명은 동과씨 추출물을 유효성분으로 포함하는 면역 증진용 식품 조성물에 관한 것이다.,1
11,"본 발명은 전처리한 우렁쉥이(Halocynthia roretzi) 껍질에 물 및 단백질 가수분해 효소를 첨가한 후 추출한 추출물을 이온교환 크로마토그래피를 이용하여 분리하는 단계를 포함하여 제조하는 것을 특징으로 하는 면역 활성이 증진된 우렁쉥이 추출물의 제조방법, 상기 방법으로 제조된 면역 활성이 증진된 우렁쉥이 추출물 및 상기 우렁쉥이 추출물을 함유하는 가공식품에 관한 것이다.",1
12,,1
13,"본 발명은 2종 이상의 생약 추출물을 유효성분으로 포함하는, 면역력 증진용 조성물 및 인터페론 감마 분비 촉진용 조성물에 관한 것이다. 상기 2종 이상의 추출물의 조합은 세포에 독성이 없으면서 체내 면역력을 촉진하는 인터페론 감마의 분비를 시너지하게 증가시키므로, 면역력 증진을 위하여 유용하게 사용될 수 있다.",1
14,"본 발명은 비박피 양파를 숙성 및 발효하여 섭취자의 면역력을 증강시키면서도 양파 섭취시 문제되는 특유의 맛과 향을 효과적으로 개선한 면역 증진용 발효 양파 조성물 제조방법 및 이를 이용한 음료 제조방법을 제공한다.  이를 위해, 본 발명의 실시예에 따른 면역 증진용 발효 양파 조성물 제조방법은, 박피하지 않은 양파를 세척하고 비가식부를 제거한 후 절단하는 전처리 단계; 상기 전처리 과정을 거친 양파에서 액상소재의 수득율을 증대시키기 위해 상기 양파를 마쇄하고, 소정 온도에서 열처리하고, 원심분리를 통해 양파 액상소재를 수득하는 양파 액상소재 제조 단계 및 상기 양파 액상소재에 대해 Lactobacillus plantarum를 접종하여 발효하고 소정의 후공정 과정을 통해 발효 양파 조성물을 제조하는 발효 양파 조성물 제조 단계를 포함하는 것을 특징으로 한다.  이를 통해, 양파에 함유된 면역력 강화 성분을 발효 및 숙성 과정을 통해 사용자에게 최대한 효율적으로 전달할 수 있다.",1
15,본 발명은 동과씨 추출물을 유효성분으로 포함하는 면역 증진용 식품 조성물에 관한 것이다.,1
16,"본 발명은 말초면역세포인 비장세포의 증식 활성을 보이고(도 1 및 도 2 참조), 방사선 조사에 의하여 억제된 비장세포의 증식을 촉진하며(도 3 참조), 방사선 조사에 의해 유발된 DNA 손상 회복과 세포자멸사 억제 활성(도 4 및 도 5 참조) 등을 지닌 제주조릿대 추출물을 이용한 방사선 방호 및 면역력 증진용 조성물을 개시한다.",1
17,본 발명은 동과 발효 추출물을 유효성분으로 포함하는 면역 증진용 식품 조성물에 관한 것이다.,1
18,"본 발명은 면역활성이 증진된 해삼 및 미역 혼합추출물의 제조방법에 관한 것으로, 본 발명의 해삼 및 미역 혼합추출물은 면역활성이 우수하므로, 면역 저하 및 면역계가 손상된 면역저하증의 예방, 억제 또는 치료에 우수한 면역증강 효능을 갖는 식품, 의약품 또는 사료첨가제로 이용될 수 있다.",0
19,"본 발명은 RAW 264.7 세포에서 NO 생성을 촉진하고 사이토카인과 PGE2의 생성을 촉진하며, 또한 iNOS와 PGE2 생성 효소인 COX-2, 그리고 MAPKs의 활성화와 관련된 인산화 P-ERK, P-JNK, P-p38의 생성을 촉진하는 활성을 가진 오크라 추출물을 이용한 면역 증진용 조성물을 개시한다.",0
20,"본 발명은 곡정초 추출물을 유효성분으로 함유하는 선천면역 증진 및 항바이러스용 약학 조성물, 곡정초 추출물을 유효성분으로 함유하는 선천면역 증진 및 항바이러스용 건강기능식품, 곡정초 추출물을 유효성분으로 함유하는 선천면역 증진 및 항바이러스용 사료 조성물 및 곡정초 추출물을 인간을 제외한 선천면역 증진이 필요한 동물에 투여하는 것을 포함하는 동물의 선천면역 증진 및 항바이러스 활성 증진 방법에 관한 것이다. 본 발명에 따른 선천면역 증진 및 항바이러스용 곡정초 조성물은 항바이러스 활성 및 선천면역 증진 효능을 나타내어, 박테리아 및 바이러스 감염성 질환의 예방 및 치료용으로 적용될 수 있고, 면역이 저하되거나 면역이 억제된 환자의 면역력 증진 및 조절을 위한 의약이나 건강기능식품, 및 동물의 항 질병 강화를 목적으로 하는 선천면역 증진 및 항바이러스용 사료 등으로 광범위하게 이용될 수 있다. 또한, 본 발명에 따른 선천면역 증진 및 항바이러스용 조성물은 독성이나 부작용을 거의 일으키지 않으므로 예방 목적으로 장기간 복용시에도 안심하고 사용할 수 있다.",0
21,"본 발명은 부평 추출물을 유효성분으로 함유하는 선천면역 증진 및 항바이러스용 약학 조성물, 부평 추출물을 유효성분으로 함유하는 선천면역 증진 및 항바이러스용 건강기능식품, 부평 추출물을 유효성분으로 함유하는 선천면역 증진 및 항바이러스용 사료 조성물 및 부평 추출물을 인간을 제외한 선천면역 증진이 필요한 동물에 투여하는 것을 포함하는 동물의 선천면역 증진 및 항바이러스 활성 증진 방법에 관한 것이다. 본 발명에 따른 선천면역 증진 및 항바이러스용 부평 조성물은 항바이러스 활성 및 선천면역 증진 효능을 나타내어, 박테리아 및 바이러스 감염성 질환의 예방 및 치료용으로 적용될 수 있고, 면역이 저하되거나 면역이 억제된 환자의 면역력 증진 및 조절을 위한 의약이나 건강기능식품, 및 동물의 항 질병 강화를 목적으로 하는 선천면역 증진 및 항바이러스용 사료 등으로 광범위하게 이용될 수 있다. 또한, 본 발명에 따른 선천면역 증진 및 항바이러스용 조성물은 독성이나 부작용을 거의 일으키지 않으므로 예방 목적으로 장기간 복용시에도 안심하고 사용할 수 있다.",0
22,"본 발명은 후박 추출물을 유효성분으로 함유하는 선천면역 증진 및 항바이러스용 약학 조성물, 후박 추출물을 유효성분으로 함유하는 선천면역 증진 및 항바이러스용 건강기능식품, 후박 추출물을 유효성분으로 함유하는 선천면역 증진 및 항바이러스용 사료 조성물 및 후박 추출물을 인간을 제외한 선천면역 증진이 필요한 동물에 투여하는 것을 포함하는 동물의 선천면역 증진 및 항바이러스 활성 증진 방법에 관한 것이다. 본 발명에 따른 선천면역 증진 및 항바이러스용 후박 조성물은 항바이러스 활성 및 선천면역 증진 효능을 나타내어, 박테리아 및 바이러스 감염성 질환의 예방 및 치료용으로 적용될 수 있고, 면역이 저하되거나 면역이 억제된 환자의 면역력 증진 및 조절을 위한 의약이나 건강기능식품, 및 동물의 항 질병 강화를 목적으로 하는 선천면역 증진 및 항바이러스용 사료 등으로 광범위하게 이용될 수 있다. 또한, 본 발명에 따른 선천면역 증진 및 항바이러스용 조성물은 독성이나 부작용을 거의 일으키지 않으므로 예방 목적으로 장기간 복용시에도 안심하고 사용할 수 있다.",0
23,본 발명은 해동피(Kalopanacis Cortex) 열수 추출물을 유효성분으로 포함하는 선천면역 증진용 약학 조성물 및 식품 조성물에 관한 것이다.,0
24,본 발명은 곽향(Agastachis Herba) 열수 추출물을 유효성분으로 포함하는 선천면역 증진용 약학 조성물 및 식품 조성물에 관한 것이다.,0
25,"본 발명은 감태 추출물을 함유하는 면역기능증진용 과립제 식품조성물 및 그 제조방법에 과한 것으로 본 발명에서는 용매추출 공정을 거친 감태 추출물을 이용하여 면역기능증진의 효능을 실험적으로 확인하고, 감태 추출물에 함유되어 있는 유용한 성분이 포함된 과립제 식품조성물을 제공함으로써 영양학적 및 기능적으로 향상시킬 수 있는 뛰어난 효과가 있다.",0
26,"본 발명은 형개 추출물을 유효성분으로 함유하는 선천면역 증진 및 항바이러스용 약학 조성물, 형개 추출물을 유효성분으로 함유하는 선천면역 증진 및 항바이러스용 건강기능식품, 형개 추출물을 유효성분으로 함유하는 선천면역 증진 및 항바이러스용 사료 조성물 및 형개 추출물을 인간을 제외한 선천면역 증진이 필요한 동물에 투여하는 것을 포함하는 동물의 선천면역 증진 및 항바이러스 활성 증진 방법에 관한 것이다. 본 발명에 따른 선천면역 증진 및 항바이러스용 형개 조성물은 항바이러스 활성 및 선천면역 증진 효능을 나타내어, 박테리아 및 바이러스 감염성 질환의 예방 및 치료용으로 적용될 수 있고, 면역이 저하되거나 면역이 억제된 환자의 면역력 증진 및 조절을 위한 의약이나 건강기능식품, 및 동물의 항 질병 강화를 목적으로 하는 선천면역 증진 및 항바이러스용 사료 등으로 광범위하게 이용될 수 있다. 또한, 본 발명에 따른 선천면역 증진 및 항바이러스용 조성물은 독성이나 부작용을 거의 일으키지 않으므로 예방 목적으로 장기간 복용시에도 안심하고 사용할 수 있다.",0
27,"본 발명은 상지 또는 상백피 추출물을 유효성분으로 함유하는 선천면역 증진 및 항바이러스용 약학 조성물, 상지 또는 상백피 추출물을 유효성분으로 함유하는 선천면역 증진 및 항바이러스용 건강기능식품, 상지 또는 상백피 추출물을 유효성분으로 함유하는 선천면역 증진 및 항바이러스용 사료 조성물 및 상지 또는 상백피 추출물을 인간을 제외한 선천면역 증진이 필요한 동물에 투여하는 것을 포함하는 동물의 선천면역 증진 및 항바이러스 활성 증진 방법에 관한 것이다. 본 발명에 따른 선천면역 증진 및 항바이러스용 상지 또는 상백피 조성물은 항바이러스 활성 및 선천면역 증진 효능을 나타내어, 박테리아 및 바이러스 감염성 질환의 예방 및 치료용으로 적용될 수 있고, 면역이 저하되거나 면역이 억제된 환자의 면역력 증진 및 조절을 위한 의약이나 건강기능식품, 및 동물의 항 질병 강화를 목적으로 하는 선천면역 증진 및 항바이러스용 사료 등으로 광범위하게 이용될 수 있다. 또한, 본 발명에 따른 선천면역 증진 및 항바이러스용 조성물은 독성이나 부작용을 거의 일으키지 않으므로 예방 목적으로 장기간 복용시에도 안심하고 사용할 수 있다.",0
28,"본 발명은 소회향 추출물을 유효성분으로 함유하는 선천면역 증진 및 항바이러스용 약학 조성물, 소회향 추출물을 유효성분으로 함유하는 선천면역 증진 및 항바이러스용 건강기능식품, 소회향 추출물을 유효성분으로 함유하는 선천면역 증진 및 항바이러스용 사료 조성물 및 소회향 추출물을 인간을 제외한 선천면역 증진이 필요한 동물에 투여하는 것을 포함하는 동물의 선천면역 증진 및 항바이러스 활성 증진 방법에 관한 것이다. 본 발명에 따른 선천면역 증진 및 항바이러스용 소회향 조성물은 항바이러스 활성 및 선천면역 증진 효능을 나타내어, 박테리아 및 바이러스 감염성 질환의 예방 및 치료용으로 적용될 수 있고, 면역이 저하되거나 면역이 억제된 환자의 면역력 증진 및 조절을 위한 의약이나 건강기능식품, 및 동물의 항 질병 강화를 목적으로 하는 선천면역 증진 및 항바이러스용 사료 등으로 광범위하게 이용될 수 있다. 또한, 본 발명에 따른 선천면역 증진 및 항바이러스용 조성물은 독성이나 부작용을 거의 일으키지 않으므로 예방 목적으로 장기간 복용시에도 안심하고 사용할 수 있다.",0
29,"본 발명은 지구자 추출물을 유효성분으로 함유하는 선천면역 증진 및 항바이러스용 약학 조성물, 지구자 추출물을 유효성분으로 함유하는 선천면역 증진 및 항바이러스용 건강기능식품, 지구자 추출물을 유효성분으로 함유하는 선천면역 증진 및 항바이러스용 사료 조성물 및 지구자 추출물을 인간을 제외한 선천면역 증진이 필요한 동물에 투여하는 것을 포함하는 동물의 선천면역 증진 및 항바이러스 활성 증진 방법에 관한 것이다. 본 발명에 따른 선천면역 증진 및 항바이러스용 지구자 조성물은 항바이러스 활성 및 선천면역 증진 효능을 나타내어, 박테리아 및 바이러스 감염성 질환의 예방 및 치료용으로 적용될 수 있고, 면역이 저하되거나 면역이 억제된 환자의 면역력 증진 및 조절을 위한 의약이나 건강기능식품, 및 동물의 항 질병 강화를 목적으로 하는 선천면역 증진 및 항바이러스용 사료 등으로 광범위하게 이용될 수 있다. 또한, 본 발명에 따른 선천면역 증진 및 항바이러스용 조성물은 독성이나 부작용을 거의 일으키지 않으므로 예방 목적으로 장기간 복용시에도 안심하고 사용할 수 있다.",0
30,"본 발명은 왕불유행 추출물을 유효성분으로 함유하는 선천면역 증진 및 항바이러스용 약학 조성물, 왕불유행 추출물을 유효성분으로 함유하는 선천면역 증진 및 항바이러스용 건강기능식품, 왕불유행 추출물을 유효성분으로 함유하는 선천면역 증진 및 항바이러스용 사료 조성물 및 왕불유행 추출물을 인간을 제외한 선천면역 증진이 필요한 동물에 투여하는 것을 포함하는 동물의 선천면역 증진 및 항바이러스 활성 증진 방법에 관한 것이다. 본 발명에 따른 선천면역 증진 및 항바이러스용 왕불유행 조성물은 항바이러스 활성 및 선천면역 증진 효능을 나타내어, 박테리아 및 바이러스 감염성 질환의 예방 및 치료용으로 적용될 수 있고, 면역이 저하되거나 면역이 억제된 환자의 면역력 증진 및 조절을 위한 의약이나 건강기능식품, 및 동물의 항 질병 강화를 목적으로 하는 선천면역 증진 및 항바이러스용 사료 등으로 광범위하게 이용될 수 있다. 또한, 본 발명에 따른 선천면역 증진 및 항바이러스용 조성물은 독성이나 부작용을 거의 일으키지 않으므로 예방 목적으로 장기간 복용시에도 안심하고 사용할 수 있다.",0
31,"본 발명은 참모자반을 담수로 2 내지 3회 세척하는 단계; 상기 세척된 참모자반을 2~5일간 음건하는 단계; 상기 음건된 참모자반을 분쇄하여 0.01 μm 이상 0.5 μm 이하의 분말로 제조하는 단계; 상기 참모자반 분말을 50 이상 300 g/L의 밀도로 물에 침지하고 교반한 후, 이를 80 ℃ 이상 95 ℃ 이하의 열수로 1시간 내지 3시간 동안 환류 냉각 추출하는 단계; 상기 참모자반 환류 냉각 추출물을 감압여과하는 단계; 상기 참모자반 감압여과물을 에탄올 추출하는 단계; 상기 참모자반 에탄올 추출물을 조다당 침전물을 분리하는 단계;및 상기 조다당 침전물로부터 물 및 에탄올을 제거하는 단계를 포함하는, 면역 증진용 식품 조성물의 제조 방법에 대한 것이다.",0
32,"본 발명은 필발 추출물을 유효성분으로 함유하는 선천면역 증진 및 항바이러스용 약학 조성물, 필발 추출물을 유효성분으로 함유하는 선천면역 증진 및 항바이러스용 건강기능식품, 필발 추출물을 유효성분으로 함유하는 선천면역 증진 및 항바이러스용 사료 조성물 및 필발 추출물을 인간을 제외한 선천면역 증진이 필요한 동물에 투여하는 것을 포함하는 동물의 선천면역 증진 및 항바이러스 활성 증진 방법에 관한 것이다. 본 발명에 따른 선천면역 증진 및 항바이러스용 필발 조성물은 항바이러스 활성 및 선천면역 증진 효능을 나타내어, 박테리아 및 바이러스 감염성 질환의 예방 및 치료용으로 적용될 수 있고, 면역이 저하되거나 면역이 억제된 환자의 면역력 증진 및 조절을 위한 의약이나 건강기능식품, 및 동물의 항 질병 강화를 목적으로 하는 선천면역 증진 및 항바이러스용 사료 등으로 광범위하게 이용될 수 있다. 또한, 본 발명에 따른 선천면역 증진 및 항바이러스용 조성물은 독성이나 부작용을 거의 일으키지 않으므로 예방 목적으로 장기간 복용시에도 안심하고 사용할 수 있다.",0
33,"본 발명은 대청엽 추출물을 유효성분으로 함유하는 선천면역 증진 및 항바이러스용 약학 조성물, 대청엽 추출물을 유효성분으로 함유하는 선천면역 증진 및 항바이러스용 건강기능식품, 대청엽 추출물을 유효성분으로 함유하는 선천면역 증진 및 항바이러스용 사료 조성물 및 대청엽 추출물을 인간을 제외한 선천면역 증진이 필요한 동물에 투여하는 것을 포함하는 동물의 선천면역 증진 및 항바이러스 활성 증진 방법에 관한 것이다. 본 발명에 따른 선천면역 증진 및 항바이러스용 대청엽 조성물은 항바이러스 활성 및 선천면역 증진 효능을 나타내어, 박테리아 및 바이러스 감염성 질환의 예방 및 치료용으로 적용될 수 있고, 면역이 저하되거나 면역이 억제된 환자의 면역력 증진 및 조절을 위한 의약이나 건강기능식품, 및 동물의 항 질병 강화를 목적으로 하는 선천면역 증진 및 항바이러스용 사료 등으로 광범위하게 이용될 수 있다. 또한, 본 발명에 따른 선천면역 증진 및 항바이러스용 조성물은 독성이나 부작용을 거의 일으키지 않으므로 예방 목적으로 장기간 복용시에도 안심하고 사용할 수 있다.",0
34,"본 발명은 구맥 추출물을 유효성분으로 함유하는 선천면역 증진 및 항바이러스용 약학 조성물, 구맥 추출물을 유효성분으로 함유하는 선천면역 증진 및 항바이러스용 건강기능식품, 구맥 추출물을 유효성분으로 함유하는 선천면역 증진 및 항바이러스용 사료 조성물 및 구맥 추출물을 인간을 제외한 선천면역 증진이 필요한 동물에 투여하는 것을 포함하는 동물의 선천면역 증진 및 항바이러스 활성 증진 방법에 관한 것이다. 본 발명에 따른 선천면역 증진 및 항바이러스용 구맥 조성물은 항바이러스 활성 및 선천면역 증진 효능을 나타내어, 박테리아 및 바이러스 감염성 질환의 예방 및 치료용으로 적용될 수 있고, 면역이 저하되거나 면역이 억제된 환자의 면역력 증진 및 조절을 위한 의약이나 건강기능식품, 및 동물의 항 질병 강화를 목적으로 하는 선천면역 증진 및 항바이러스용 사료 등으로 광범위하게 이용될 수 있다. 또한, 본 발명에 따른 선천면역 증진 및 항바이러스용 조성물은 독성이나 부작용을 거의 일으키지 않으므로 예방 목적으로 장기간 복용시에도 안심하고 사용할 수 있다.",0
35,"본 발명은 보골지 추출물을 유효성분으로 함유하는 선천면역 증진 및 항바이러스용 약학 조성물, 보골지 추출물을 유효성분으로 함유하는 선천면역 증진 및 항바이러스용 건강기능식품, 보골지 추출물을 유효성분으로 함유하는 선천면역 증진 및 항바이러스용 사료 조성물 및 보골지 추출물을 인간을 제외한 선천면역 증진이 필요한 동물에 투여하는 것을 포함하는 동물의 선천면역 증진 및 항바이러스 활성 증진 방법에 관한 것이다. 본 발명에 따른 선천면역 증진 및 항바이러스용 보골지 조성물은 항바이러스 활성 및 선천면역 증진 효능을 나타내어, 박테리아 및 바이러스 감염성 질환의 예방 및 치료용으로 적용될 수 있고, 면역이 저하되거나 면역이 억제된 환자의 면역력 증진 및 조절을 위한 의약이나 건강기능식품, 및 동물의 항 질병 강화를 목적으로 하는 선천면역 증진 및 항바이러스용 사료 등으로 광범위하게 이용될 수 있다. 또한, 본 발명에 따른 선천면역 증진 및 항바이러스용 조성물은 독성이나 부작용을 거의 일으키지 않으므로 예방 목적으로 장기간 복용시에도 안심하고 사용할 수 있다.",0
36,"본 발명은 누로 추출물을 유효성분으로 함유하는 선천면역 증진 및 항바이러스용 약학 조성물, 누로 추출물을 유효성분으로 함유하는 선천면역 증진 및 항바이러스용 건강기능식품, 누로 추출물을 유효성분으로 함유하는 선천면역 증진 및 항바이러스용 사료 조성물 및 누로 추출물을 인간을 제외한 선천면역 증진이 필요한 동물에 투여하는 것을 포함하는 동물의 선천면역 증진 및 항바이러스 활성 증진 방법에 관한 것이다. 본 발명에 따른 선천면역 증진 및 항바이러스용 누로 조성물은 항바이러스 활성 및 선천면역 증진 효능을 나타내어, 박테리아 및 바이러스 감염성 질환의 예방 및 치료용으로 적용될 수 있고, 면역이 저하되거나 면역이 억제된 환자의 면역력 증진 및 조절을 위한 의약이나 건강기능식품, 및 동물의 항 질병 강화를 목적으로 하는 선천면역 증진 및 항바이러스용 사료 등으로 광범위하게 이용될 수 있다. 또한, 본 발명에 따른 선천면역 증진 및 항바이러스용 조성물은 독성이나 부작용을 거의 일으키지 않으므로 예방 목적으로 장기간 복용시에도 안심하고 사용할 수 있다.",0
37,"본 발명은 동과피 추출물을 유효성분으로 함유하는 선천면역 증진 및 항바이러스용 약학 조성물, 동과피 추출물을 유효성분으로 함유하는 선천면역 증진 및 항바이러스용 건강기능식품, 동과피 추출물을 유효성분으로 함유하는 선천면역 증진 및 항바이러스용 사료 조성물 및 동과피 추출물을 인간을 제외한 선천면역 증진이 필요한 동물에 투여하는 것을 포함하는 동물의 선천면역 증진 및 항바이러스 활성 증진 방법에 관한 것이다. 본 발명에 따른 선천면역 증진 및 항바이러스용 동과피 조성물은 항바이러스 활성 및 선천면역 증진 효능을 나타내어, 박테리아 및 바이러스 감염성 질환의 예방 및 치료용으로 적용될 수 있고, 면역이 저하되거나 면역이 억제된 환자의 면역력 증진 및 조절을 위한 의약이나 건강기능식품, 및 동물의 항 질병 강화를 목적으로 하는 선천면역 증진 및 항바이러스용 사료 등으로 광범위하게 이용될 수 있다. 또한, 본 발명에 따른 선천면역 증진 및 항바이러스용 조성물은 독성이나 부작용을 거의 일으키지 않으므로 예방 목적으로 장기간 복용시에도 안심하고 사용할 수 있다.",0
38,"본 발명은 패란 추출물을 유효성분으로 함유하는 선천면역 증진 및 항바이러스용 약학 조성물, 패란 추출물을 유효성분으로 함유하는 선천면역 증진 및 항바이러스용 건강기능식품, 패란 추출물을 유효성분으로 함유하는 선천면역 증진 및 항바이러스용 사료 조성물 및 패란 추출물을 인간을 제외한 선천면역 증진이 필요한 동물에 투여하는 것을 포함하는 동물의 선천면역 증진 및 항바이러스 활성 증진 방법에 관한 것이다. 본 발명에 따른 선천면역 증진 및 항바이러스용 패란 조성물은 항바이러스 활성 및 선천면역 증진 효능을 나타내어, 박테리아 및 바이러스 감염성 질환의 예방 및 치료용으로 적용될 수 있고, 면역이 저하되거나 면역이 억제된 환자의 면역력 증진 및 조절을 위한 의약이나 건강기능식품, 및 동물의 항 질병 강화를 목적으로 하는 선천면역 증진 및 항바이러스용 사료 등으로 광범위하게 이용될 수 있다. 또한, 본 발명에 따른 선천면역 증진 및 항바이러스용 조성물은 독성이나 부작용을 거의 일으키지 않으므로 예방 목적으로 장기간 복용시에도 안심하고 사용할 수 있다.",0
39,,0
40,"일 양상에 따른 조성물은 한국인 영유아 유산균으로 발효한 약콩 발효물을 포함하고 있는 것으로, 면역 세포의 사이토카인 생성을 증가시킴으로써 면역 기능을 증진시킬 수 있을 뿐만 아니라, 면역력을 강화시킬 수 있다.",0
41,"본 발명의 목적은 항균, 항산화, 그리고 면역증진 기능이 우수한 건강 식품의 개발을 위하여 프로폴리스와 식물 추출물을 혼합한 조성물과 그 제조 방법을 제공하는 것이며, 상기 혼합 조성물을 포함하는 환제, 정제, 캡슐, 음료 형태의 식품 제조 방법을 제공하는 것이다. 상기 프로폴리스와 식물혼합 추출물을 혼합하여 얻어진 식품 조성물을 항균, 항산화, 그리고 면역기능 증진 효능을 가지고 있어 각종 질환 예방 및 치료를 위한 건강식품의 원료로 활용할 수 있다. 특히 노화 및 활성산소에 의해 발생하는 당뇨, 암, 관절염, 심장질환 등 질환과 세균 및 바이러스 등에 의한 감염성 질병의 예방에 탁월한 효과가 있으며, 노인층을 대상으로 한 실버 식품에 유용하게 활용될 수 있다.",0
42,"본 발명은 활나물 추출물, 그를 함유하는 기능성 식품 또는 대장암 예방용 및 치료용 조성물에 관한 것이다.  본 발명의 활나물 추출물은 활나물을 줄기, 잎, 뿌리, 씨로 분리한 후 할로겐화 탄화수소계 유기용매 및 C  1  ∼ C  4  알코올의 혼합용매를 첨가하여 상온에서 3∼5일 방치하고, 2∼3회 반복 추출한 후 재결정법으로 분리 정제하여 제조되며, 상기 활나물 추출물이 항산화 활성과 더불어 항암 또는 면역기능 증진활성을 확인함으로써, 그를 유효성분으로 함유하는 기능성 식품 또는 대장암 예방용 및 치료용 조성물로 유용하게 활용할 수 있다.  활나물 추출물, 항암, 면역기능증진, 기능성식품, 대장암",0
43,"본 발명은 한약재 혼합물의 추출물을 유효성분으로 포함하는 면역활성 증진용 조성물에 관한 것으로, 보다 상세하게는 맥문동, 창출, 감초, 건강, 진피 및 용안육을 포함하는 것을 특징으로 하고, 이들 한약재들을 적절한 중량비로 혼합함으로써 면역과 관련된 사이토카인의 분비 및 면역세포의 유전자 발현에 영향을 주어 면역활성을 증진시키고자 하는데 그 목적이 있다.",0
44,"본 발명은 면역력 증진 활성이 강화된 홍도라지를 제조하는 방법을 제공하고, 홍도라지 농축액을 이용하여 면역 증진 기능성 식품을 제공함에 대한 것이다.",0
45,"본 발명은 쌍별귀뚜라미 (Gryllus bimaculatus)의 추출물을 포함하는, 선천성 면역 증진용 약학 조성물 및 식품 조성물에 관한 것이다.  쌍별귀뚜라미 물 추출물은 대식세포의 활성을 유도하며, 구체적으로, 대식세포에서 TNFα, IL-6, 또는 IL-1β의 분비를 유도하거나 또는 CD80 또는 CD86의 발현을 유도하여 선천성 면역을 증진하는 것을 특징으로 하는 바, 쌍별귀뚜라미 물 추출물을 이용하여 선천성 면역 증진용 약학 조성물 또는 식품 조성물로 개발이 가능하다.",0
46,"본 발명은 황기, 더덕, 당귀 및 도라지의 열수추출물을 이용한 유산균 발효액을 함유하는 면역 기능성 식품 조성물 및 그 제조방법에 관한 것으로, 더욱 상세하게는 상기 각 열수추출물을 동량비로 배합한 혼합물에 유산균을 접종하여 발효시켜 얻은 유산균 복합 발효액은 면역활성을 증진 기능성 식품 조성물을 함유한 가공 식품을 제조할 수 있는 뛰어난 효과가 있다.",0
47,"본 발명은 팥꽃나무 및 감수 복합 추출물을 유효성분으로 포함하는 면역기능 증진용 약학 또는 식품 조성물에 관한 것이다. 이에 의하여, 본 발명의 팥꽃나무 및 감수 복합 추출물을 유효성분으로 포함하는 약학 조성물은 천연 약용재료를 사용하여 인체에 무해하면서도 단독 재료를 사용한 것에 비하여 면역기능 증강에 현저한 시너지 효과를 나타낼 수 있다.",0
48,"본 발명은 고초균 발효를 통한 간기능 개선 또는 면역 증진된 대추류 발효액 제조방법에 관한 것으로, 더욱 상세하게는 바실러스 서브틸리스(Bacillus subtilis) HA균을 이용한 발효를 통해 대추, 흑대추 및 대추씨 추출물 발효액을 생산하고 감마 폴리글루탐산(γ-PGA) 등의 기능성이 강화된 발효액을 생산하는 방법에 대한 것이다. 본 발명에서는 대표적인 한방원료인 대추 추출액 이외에도, 흑대추 제조 공정의 최적화 및 비가식 부분인 대추씨 추출액를 이용하여 적정량의 γ-PGA 생산배지, 채소 주스, 민들레 당절임액과 모노-소듐 L-글루탐산(mono-sodium L-glutamic acid; MSG)을 혼합하여 고농도의 점질물(γ-PGA)과 물성 및 기호성이 개선되고, 간기능 개선 또는 면역 증진된 효과를 가지는 기능성 식품 소재를 개발하였다.",0
49,본 발명은 좁은잎천선과 추출물을 유효성분으로 포함하는 면역 증진용 조성물에 관한 것이다.,0
50,"본 발명은 메밀 추출물의 면역증진 용도를 규명한 것으로, 보다 구체적으로, 메밀 추출물을 유효성분으로 포함하는 면역기능 증강용 식품 조성물 및 면역증강용 약학 조성물에 관한 것이다. 본 발명에 따른 메밀 추출물은 산화질소의 생성을 증가시키고 사이토카인인 TNF-a 또는 IL-6의 생성을 증가시켜 대식세포의 활성을 증가시켜 면역증진 효과를 유도할 수 있으며, 자연살해세포 활성을 증가시키고, 비장 및 흉선의 중량을 증가시키며 백혈구수를 증진시킬 수 있는 효과가 있어 면역증진을 필요로 하는 질환의 약학적 조성물로 활용할 수 있다. 또한 본 발명의 메밀 추출물은 세포 독성을 유발시키지 않아 체내 안정하므로 면역증진을 위한 식품용 조성물로도 활용할 수 있다.",0
51,"본 발명은 도라지, 더덕, 옥수수수염 및 고구마 껍질을 포함하는 혼합물의 추출물을 포함하는 면역 활성 증진용 조성물에 관한 것이다.",0
52,"본 발명은 몰로키아 잎 추출물의 면역증진 용도를 규명한 것으로, 보다 구체적으로, 몰로키아 잎 추출물을 유효성분으로 포함하는 면역기능 증강용 식품 조성물 및 면역증강용 약학 조성물에 관한 것이다. 본 발명에 따른 몰로키아 잎 추출물은 산화질소의 생성을 증가시키고 사이토카인인 TNF-a 또는 IL-6의 생성을 증가시켜 대식세포의 활성을 증가시켜 면역증진 효과를 유도할 수 있으며, 자연살해세포 활성을 증가시키고, 비장 및 흉선의 중량을 증가시키며 백혈구수를 증진시킬 수 있는 효과가 있어 면역증진을 필요로 하는 질환의 약학적 조성물로 활용할 수 있다. 또한 본 발명의 몰로키아 잎 추출물은 세포 독성을 유발시키지 않아 체내 안정하므로 면역증진을 위한 식품용 조성물로도 활용할 수 있다.",0
53,"본 발명은 지황 및 지황 추출물을 함유하여 지황 고유의 면역기능 증진활성을 가진 액상의 유산균발효제품 및 이의 제조방법에 대한 것이다. 특히 지황은 포도당 9%, 스타키오즈 32%, 만니톨 1%, 환원당 13% 및 올리고당과 같은 다양한 종류의 당을 함유하고 있어, 발효 시 유산균 속이 기존의 당 보다도 지황첨가시 지황내 당을 활용 할 가능성이 넓은 소재이다. 본 발명의 하나는, 지황을 20-45 mesh정도로 분쇄한 지황가루를 유산균 발효 시 종균(mother stater)접종 후, 원료의 무게비로 5-150%(w/w)로 첨가하여 발효시키는 공정과, 두 번째는 지황을 분쇄, 에탄올로 55℃에서 4시간 추출하여 80birx로 감압 농축 한 추출물을 유산균 발효 시 종균(mother stater)접종 후 원료의 부피비로 5-15%(v/w)씩 첨가하여 발효시키는 공정으로 기존의 발효공정과는 다른 발효과정을 거쳐 면역증진 생리활성 기능과 기호도를 높인 유산균 발효제품을 개발하였다.",0
54,"본 발명은 홍삼(Panax ginseng), 오가피(Acanthopanaci cortex ), 산삼배양근(Korean Mountain Ginseng Adventitious Root)을 주성분으로 한 면역활성 조절과 관련된 것으로, 좀 더 구체적으로는 홍삼, 오가피, 산삼배양근과 혈액순환 촉진과 조혈작용이 있는 육계, 당귀, 천궁, 숙지황, 작약과 신체대사를 활성화하고 도한(盜汗)을 완화시키는 인삼, 백출, 생강을 물 및 용매로 추출하여 얻은 이들 엑기스를 혼합한 생약재 복합물을 이용한 면역활성 증진효과를 갖는 식품조성에 관한 것이다.  홍삼, 홍삼복합물, 오가피, 산삼배양근, 산성다당체, 황기, 당귀, 매실, 면역증진",0
55,"본 발명은 탈지 들깨분말 열수 추출물을 유효성분으로 함유하는 면역 증진용 조성물에 관한 것으로, 본 발명에 따르면, 탈지 들깨분말(들깨박) 열수 추출물은 산화질소의 생성 및 TNF-α, IL-4의 방출을 증가시킴으로써 면역증진 효과를 나타내는 바, 면역 증진용 약학 조성물, 면역 증진용 건강식품 조성물 등으로 유용하게 활용될 수 있다.",0
56,"본 발명은 고추씨박 추출물을 유효성분으로 함유하는 면역증진용 조성물에 관한 것으로, 본 발명의 고추씨박 열수 추출물은 고추씨 열수 추출물에 비해 대식세포의 NO, TNF-α 및 IL-6 분비량을 증가시키고, 비장세포의 증식을 촉진하는 효과가 현저하므로, 고추씨박 추출물을 유효성분으로 함유하는 본 발명의 조성물은 면역증진용 건강기능식품, 면역증진을 위한 동물용 사료 또는 면역력 저하에 의한 질환의 치료제로 유용하게 사용될 수 있다.",0
57,"본 발명은 고춧잎 아임계 수 추출물을 유효성분으로 함유하는 면역증진용 조성물에 관한 것으로, 본 발명의 90~160℃로 가열하여 아임계 수 추출한 고춧잎 아임계 수 추출물은 고춧잎 물 추출물에 비해 대식세포의 NO(Nitric Oxide) 및 TNF-α의 분비량을 증가시키고, 비장세포의 증식을 촉진하는 효과가 현저하므로, 90~160℃로 가열하여 아임계 수 추출한 고춧잎 아임계 수 추출물을 유효성분으로 함유하는 본 발명의 조성물은 면역증진용 건강기능식품, 면역증진을 위한 동물용 사료 또는 면역력 저하에 의한 질환의 치료제로 유용하게 사용될 수 있다.",0
58,"본 발명은 식품 및 건강음료 재료로 널리 이용되고 있는 칡에 관한 것으로, 상세하게는 면역증진효과를 가질 수 있도록 칡의 가공방법과 이 방법으로 획득되는 칡 추출분말에 관한 것이다.  이러한 본 발명인 면역증진효과를 위한 칡의 가공방법은, 세척된 칡을 70~90℃ 온도에서 12~36시간 건조한 후 1~3㎝ 크기로 절단하는 건조 및 절단하는 단계와; 상기 단계 후 150~250℃ 온도에서 10~30분간 로스팅 하는 단계와; 상기 로스팅이 이루어진 칡으로부터 추출물을 획득하는 단계로 이루어진다.",0
59,"본 발명은 아로니아 발효 추출물을 포함하는 건강 기능성 식품 조성물에 관한 것으로, 본 발명의 발효 추출물은 고압 분쇄 전처리 공정, 유산균 발효 처리공정, 및 초음파 후처리 공정을 통해 얻어지며 우수한 면역증진용도를 갖는다.",0
60,"본 발명은 식물 혼합 추출물을 유효성분으로 함유하는 면역증진용 조성물 및 이의 제조방법에 관한 것으로, 본 발명의 제조방법으로 제조된 인삼, 백출, 복령, 진피, 감초, 소엽 및 계피를 포함하는 식물 혼합 추출물은 면역력이 저하된 실험군에서 식물 혼합 추출물을 처리하지 않은 대조군에 비해 흉선과 비장 조직의 중량을 증가시키고, 면역 저하에 의해 감소된 혈중 임파구 수치를 증가시키고, 면역 저하에 의해 증가된 과립구 수치를 감소시키고, 혈중 사이토카인(IL-2, TNF-α 및 INF-γ)의 함량을 대조군 대비 증가시키는 효과가 현저하였으며, 면역력이 저하된 대조군에서 관찰되는 백색수질의 붕괴현상을 개선하는 효과가 우수하므로, 본 발명의 제조방법으로 제조된 면역증진용 식물 혼합 추출물은 면역증진용 건강기능식품 또는 면역력 저하에 의한 질환의 치료제로 유용하게 사용될 수 있다.",0
61,"본 발명은 홍삼, 대추 및 길경의 혼합 추출물을 포함하는 항염증 및 면역증진용 조성물에 관한 것으로, 염증성 인자의 발현 저해 효과가 우수하고, 면역세포의 활성 조절 효과가 우수하므로, 항염증 및 면역증진 용도로 유용하게 활용될 수 있다.",0
62,"본 발명은 산수국 추출물을 함유하는 조성물에 관한 것으로서, 산수국 추출물이 면역증진인자인 일산화질소(Nitric Oxide)의 생성, iNOS(inducible nitric oxide synthase), COX-2(Cyclooxygenase-2), IL-1β(Interluekin 1 beta), IL-6(Interleukin 6) IL-12(Interleukin 12), TNF-α(Tumor necrosis factor alpha) 및 MCP-1(Monocyte chemoattractant protein 1)의 발현, 대식세포의 식세포작용을 증가시켜 면역증진 효과를 유도할 수 있어 면역증진을 필요로 하는 질환의 약학적 조성물 또는 면역증진을 위한 건강기능식품으로 용이하게 활용할 수 있다.",0
63,"본 발명은 밀리타리스동충하초(  Cordyceps militaris  ) 열수추출물을 포함하는 면역증진을 위한 조성물로서, 상세하게는 본 발명의 밀리타리스동충하초 열수 추출물은 고형암을 이식받은 마우스 비장내의 T-세포, B-세포 및 NK-세포수를 유의적으로 증가시킴으로써 세포 및 체액 매개성 면역반응의 증진을 통해 수명연장효과 및 항종양 효과를 나타내며, 비장에 의한 IL-2 분비능을 증가시켜 숙주의 면역기능을 활성화시키므로, 면역증진을 위한 약학조성물 및 건강기능식품으로 유용하게 이용될 수 있다.  밀리타리스동충하초, 면역증진, 항종양, NK-세포, T-세포",0
64,"본 발명은 쌍별귀뚜라미 및 갈색거저리의 혼합 추출물을 유효성분으로 포함하는 면역증진용 조성물에 관한 것이다.  본 발명의 면역증진용 조성물은 세포 독성이 없고, 농도 의존적으로 비장세포, NK(Natural Killer) 세포, 및 CTL(Cytotoxic T Lymphocyte) 세포의 생존율과 증식율을 개선시켜 저하된 면역세포의 활성을 실질적으로 증가시켜주고, 이에 따라 전반적으로 세포성 면역 반응 체계의 활성을 통해 면역력을 직접적으로 개선함으로써 우수한 면역증진 효과가 있다. 또한, 본 발명의 면역증진용 조성물은 천연에서 존재하는 식용물질인 쌍별귀뚜라미와 갈색 거저리를 배합하여 인체에 매우 안전할 뿐만 아니라, 안정성도 매우 탁월하여 식품, 및 의약품 분야에서 면역증진의 목적으로 유용하게 이용 가능하다.",0
65,"본 발명은 이리도이드 고함유 노니 열매 추출물 또는 이의 분획물의 제조방법, 면역증진 활성물질 고함유 노니 열매 추출물 또는 이의 분획물의 제조방법 및 노니 열매 추출물 또는 이의 분획물을 포함하는 면역 증진용 조성물에 관한 것으로, 보다 상세하게는 특정 농도 범위의 에탄올을 추출 용매로 하여 노니 열매 추출물을 제조하는 단계를 포함하는 이리도이드 고함유 노니 열매 추출물 또는 이의 분획물의 제조방법, 면역증진 활성물질 고함유 노니 열매 추출물 또는 이의 분획물의 제조방법 및 상기 추출물 또는 이의 분획물을 포함하는 면역 증진용 약학 조성물 및 건강기능식품 조성물을 제공한다.",0
66,"본 발명은 자생 갯방풍과 내륙 재배 갯방풍이 성분을 분석하여 대량 생산 가능한 내륙 갯방풍을 이용하여 다양한 건강기능 식품을 제공하는 것에 대한 것이다. 구체적으로, 본 발명은 내륙 재배 갯방풍 추출물을 유효성분으로 포함하면서 기능성이 밝혀진 다른 한약 소재를 포함하는 면역증진 기능성 식품을 제공한다.",0
67,"본 발명은 작약, 복령, 숙지황, 유산균을 포함하는 면역증진 및 피로 개선용 한방 발효 조성물 및 그 제조방법에 관한 것으로, 더욱 상세하게는 진피, 대추, 홍삼, 작약, 감초, 천궁, 복령, 숙지황, 삽주뿌리, 황기, 오미자, 기능성 올리고당, 유산균혼합물 및 벌꿀로 이루어지며,  진피, 대추, 홍삼, 작약, 감초, 천궁, 복령, 숙지황, 삽주뿌리, 황기 및 오미자를 세척하는 약재세척단계, 상기 약재세척단계를 통해 세척된 약재를 건조하는 약재건조단계, 상기 약재건조단계를 통해 건조된 약재를 분쇄하는 분쇄단계, 상기 분쇄단계를 통해 제조된 약재분말에 유산균 혼합물, 기능성 올리고당 및 벌꿀을 혼합하여 환을 제조하는 환제조단계, 상기 환제조단계를 통해 제조된 환을 45 내지 50시간 동안 발효 및 숙성하는 발효숙성단계 및 상기 발효숙성단계를 통해 숙성된 환을 건조하는 환건조단계를 통해 제조된다.  상기의 과정을 통해 제조되는 작약, 복령, 숙지황, 유산균을 포함하는 면역증진 및 피로 개선용 한방 발효 조성물은 면역력을 증진시키고 피로를 개선할 뿐만 아니라, 발효과정을 통해 유효성분의 체내 흡수율이 향상되며 우수한 기호도를 나타낸다.",0
68,"본 발명은 은행 추출물을 포함하는 구강질환 예방 또는 치료용 조성물에 관한 것으로서, 보다 상세하게는 치아 우식증, 치주질환, 치통, 시린이 및 구취를 예방 또는 개선하는 효과를 가지는 의약외품 조성물에 관한 것이다. 본 발명의 조성물은 치아우식증 및 치주질환 유발세균에 대한 항균활성이 우수하며, 통증 및 염증 마커인 PGE2를 농도 의존적으로 억제하고, 치은염 형성 억제 효과, 시린이 증상 억제 효과 및 구취 제거 효과가 우수하여 치아 우식증, 치주질환, 치통, 시린이 및 구취로 이루어진 군으로부터 선택된 1 이상의 구강질환 예방 또는 개선용 의약외품 조성물로서의 활용도가 높다. 또한, 본 발명의 조성물은 약학적 조성물 및 식품 조성물로서 사용할 수 있다.",0
69,"본 발명은 장미목 식물 추출물, 층층나무속 식물 추출물, 모시풀속 식물 추출물 및 서어나무속 식물 추출물로 이루어진 군으로부터 선택된 어느 하나 이상의 천연 추출물을 이용함으로써 치료 부작용을 현저히 감소시킨 골질환의 예방 또는 치료용 약학 조성물, 및 골질환의 개선 또는 완화용 식품 조성물에 관한 것으로, 상기 조성물을 이용하면 파골세포로의 분화를 효과적으로 억제함으로써 골질환을 효과적으로 예방 또는 치료할 수 있다.",0
70,,0
71,"본 발명은 장미목 식물 추출물, 층층나무속 식물 추출물, 모시풀속 식물 추출물 및 서어나무속 식물 추출물로 이루어진 군으로부터 선택된 어느 하나 이상의 천연 추출물을 이용함으로써 치료 부작용을 현저히 감소시킨 골질환의 예방 또는 치료용 약학 조성물, 및 골질환의 개선 또는 완화용 식품 조성물에 관한 것으로, 상기 조성물을 이용하면 파골세포로의 분화를 효과적으로 억제함으로써 골질환을 효과적으로 예방 또는 치료할 수 있다.",1
72,"본 발명은 강활(Notopterygium incisum, N. incisum) 및 방풍 (Saposhnikovia divaricata, S. divaricata)의 혼합 추출물을 유효성분으로 함유하는 염증성 질환의 예방 및 치료용 조성물에 관한 것으로, 구체적으로 상기 강활 및 방풍의 적정비율의 혼합 추출물은 각 약재 단독에 비하여, 염증 유발에 의해 급격히 증가하는 염증 관련 인자인 인터루킨-1ß(interleukin-1ß, IL-1ß), 종양괴사인사-α(tumor necrosis factor-α, TNF-α) 및 일산화질소(nitrogen oxide, NO)의 생성을 더 효과적으로 억제하고, 보다 현저한 부종억제 효과를 가지며, 세포독성이 없는 안전한 물질이므로, 염증성 질환의 예방 및 치료를 위한 조성물로 유용하게 사용될 수 있다.  강활, 방풍, 염증, IL-1ß, TNF-α, NO, 부종.",1
73,"본 발명은 치자, 당귀, 건지황, 형개를 정선한 다음 각각 2 : 2 : 1 : 2의 중량비로 하고, 원료량의 8배의 정제수를 용매로 하여 80~100℃에서 3시간 동안 1회 추출한 다음 200메쉬로 여과하여 60℃ 내지 -70℃에서 감압 농축한 후, 감압 건조한 추출물(HP08-0106)을 얻었다. 따라서 본 발명은 상기 추출물을 유효성분으로 하는 치주질환의 예방 및 치료용 조성물과 이를 포함한 식품에 관한 것으로, 더욱 상세하게는 인체에 독성이 거의 없으며, 부작용도 적은 천연식물로부터 추출된 추출물을 유효성분으로 하여 대표적인 염증 사이토카인 IL-1β(Interlukin-1β)와 TNF-a(Tumor necrosis factor-a)의 분비량 감소로 인한 염증유발 감소와 파골 세포의 분화 억제 및 파골세포의 특이적 유전자의 발현 억제, 칼슘 및 콜라겐의 합성 효과 증진, 잇몸뼈의 파괴 감소 등의 효과로 인해 치주 질환의 치료제로서 효과적인 기능을 발휘하는 것이고, 이로 인해 치주질환의 예방 및 치료효과를 기대할 수 있는 조성물과 이를 포함하는 식품에 관한 것이다.",1
74,"본 발명은 골질환의 예방 또는 치료를 위한 식물 추출물 조성물에 관한 것으로서, 보다 구체적으로는 본 발명에 따른 조성물은 세포 독성이 낮아 안정적이며, 파골세포의 형성을 억제시켜 골손실로 인한 골질환을 억제하는데 효과가 있으므로 골질환의 예방 또는 치료용 약학 조성물 및 골질환의 예방 또는 개선용 식품 조성물로 유용하게 사용될 수 있다.",1
75,"본 발명은 장미목 식물 추출물, 층층나무속 식물 추출물, 모시풀속 식물 추출물 및 서어나무속 식물 추출물로 이루어진 군으로부터 선택된 어느 하나 이상의 천연 추출물을 이용함으로써 치료 부작용을 현저히 감소시킨 골질환의 예방 또는 치료용 약학 조성물, 및 골질환의 개선 또는 완화용 식품 조성물에 관한 것으로, 상기 조성물을 이용하면 파골세포로의 분화를 효과적으로 억제함으로써 골질환을 효과적으로 예방 또는 치료할 수 있다.",1
76,"본 발명은 탱자 및 물엿을 발효시킨 발효액을 유효성분으로 포함하는 염증성 질환 또는 알러지 질환의 예방 또는 치료용 조성물에 관한 것이다. 본 발명의 탱자 및 물엿을 발효시킨 발효액은 염증세포에서 사이토카인의 발현을 감소시키고 NF-κB 활성을 억제시켜 염증 및 알러지를 개선시키는 효과가 우수하므로, 염증성 질환 또는 알러지 질환의 예방 또는 치료에 유용하게 사용될 수 있다.",1
77,"본 발명은 노각나무 추출물을 포함하는 구강 질환 예방 또는 치료용 조성물에 관한 것이다. 더욱 상세하게 본 발명은 노각나무 추출물을 유효성분으로 포함하는 구강 질환 예방 또는 치료용 약학적 조성물, 식품 조성물, 의약외품 조성물, 및 치과용 조성물에 관한 것이다.",1
78,"본 발명은 해방풍(Glehnia littoralis) 추출물로부터 제조한 분획물을 유효성분으로 함유하는 염증성 질환의 예방 및 치료용 조성물에 관한 것으로서, 더욱 상세하게는, 해방풍 추출물을 유기용매로 분획하여 제조한 분획물은 염증성 사이토카인인 인터루킨-1β(interleukin-1β, IL-1β) 및 종양괴사인자-α(tumor necrosis factor-α, TNF-α)의 생산 또는 분비를 억제하고, 세포독성이 없는 안전한 물질이므로, 염증성 질환의 예방 또는 치료를 위한 조성물의 유효성분으로서 유용하게 사용할 수 있다.",1
79,"본 발명은 천문동(Asparagus cochinchinensis) 추출물로부터 제조한 분획물을 유효성분으로 함유하는 염증성 질환의 예방 및 치료용 조성물에 관한 것으로서, 더욱 상세하게는, 천문동 추출물을 유기용매로 분획하여 제조한 분획물은 염증성 사이토카인인 인터루킨-1β(interleukin-1β, IL-1β) 및 종양괴사인자-α(tumor necrosis factor-α, TNF-α)의 생산 또는 분비를 억제하는 세포독성이 없는 안전한 물질이므로, 염증성 질환의 예방 또는 치료를 위한 조성물의 유효성분으로서 유용하게 사용할 수 있다.",1
80,"본 발명은 꿩의 다리(Thalictrum aquilegiifolium) 추출물을 포함하는 구강질환 예방 또는 치료용 조성물에 관한 것으로, 보다 구체적으로 구강 내 치주병, 충치 등을 유발하는 유해 세균에 대한 항균 활성을 가지는 꿩의 다리(Thalictrum aquilegiifolium)를 포함한 구강용 조성물에 관한 것이다. 본 발명의 꿩의 다리(Thalictrum aquilegiifolium) 추출물을 포함하는 구강용 조성물은, 구강 질환을 유발하는 원인균에 대한 항균 효과를 가지며, 동시에 염증성 사이토카인을 억제하여 염증을 완화하는 효과를 가진다. 상기 조성물은 천연 유래의 성분을 포함하여 부작용이 적은 장점을 가지며, 다양한 구강용 제품 및 의약품으로 활용될 수 있다.",1
81,"본 발명은 단풍나무 추출물을 포함하는 치주 질환의 예방 또는 치료용 조성물에 관한 것으로, 구체적으로 단풍나무 추출물 또는 이의 분획물을 유효성분으로 포함하는 치주질환의 예방, 개선 또는 치료용 약학적 조성물, 건강기능식품 조성물, 의약외품 조성물, 및 치주질환의 치료 방법에 관한 것이다.  본 발명에 따른 단풍나무 추출물은 세포에 독성이 없으며, 우수한 항염증 및 항균 효과를 나타내므로, 치주 질환의 치료에 안전하고 유용하게 사용될 수 있다.",1
82,"본 발명은 구강질환 유발 세균을 검출할 수 있는 프라이머 및 프로브를 포함하는 조성물 내지 이의 용도에 대한 것이다.  본 발명의 프라이머 내지 프로브를 포함하는 조성물을 이용하는 경우 높은 민감도(sensitivity), 직선성(linearity) 및 특이도(specificity) 로 신속하게 구강질환 유발 세균을 검출할 수 있으므로, 구강질환 유발 세균 검출 내지 구강질환 진단을 위해 효과적으로 사용될 수 있다.",1
83,"본 발명은 구강질환 예방 또는 치료용 조성물에 관한 것으로, 보다 상세하게는 차이브 추출물을 유효성분으로 포함하는 구강용 조성물에 관한 것이다. 본 발명의 차이브 추출물을 포함하는 구강용 조성물은 구강질환 예방 또는 치료 효과가 우수하며, 천연물 유래의 물질이어서 독성이 없으며, 인체에 적용하여도 부작용을 유발하지 않아 활용도가 높다.",1
84,"본 발명은 구강질환 예방 또는 치료용 조성물에 관한 것으로, 보다 상세하게는 퍼슬린 추출물을 유효성분으로 포함하는 구강용 조성물에 관한 것이다. 본 발명의 퍼슬린 추출물을 포함하는 구강용 조성물은 구강질환 예방 또는 치료 효과가 우수하며, 천연물 유래의 물질이어서 독성이 없으며, 인체에 적용하여도 부작용을 유발하지 않아 활용도가 높다.",1
85,"본 발명은 장미목 식물 추출물, 층층나무속 식물 추출물, 모시풀속 식물 추출물 및 서어나무속 식물 추출물로 이루어진 군으로부터 선택된 어느 하나 이상의 천연 추출물을 이용함으로써 치료 부작용을 현저히 감소시킨 골질환의 예방 또는 치료용 약학 조성물, 및 골질환의 개선 또는 완화용 식품 조성물에 관한 것으로, 상기 조성물을 이용하면 파골세포로의 분화를 효과적으로 억제함으로써 골질환을 효과적으로 예방 또는 치료할 수 있다.",1
86,"본 발명은 해바라기유를 포함하는 구강질환 예방 또는 치료용 조성물에 관한 것으로서, 보다 상세하게는 치아 우식증, 치주질환, 치통, 시린이 및 구취를 예방 또는 개선하는 효과를 가지는 의약외품 조성물에 관한 것이다. 본 발명의 조성물은 치아우식증 및 치주질환 유발세균에 대한 항균활성이 우수하며, 통증 및 염증 마커인 PGE2를 농도 의존적으로 억제하고, 치은염 형성 억제 효과, 시린이 증상 억제 효과 및 구취 제거 효과가 우수하여 치아 우식증, 치주질환, 치통, 시린이 및 구취로 이루어진 군으로부터 선택된 1 이상의 구강질환 예방 또는 개선용 의약외품 조성물로서의 활용도가 높다. 또한, 본 발명의 조성물은 약학적 조성물 및 식품 조성물로서 사용할 수 있다.",1
87,"본 발명은 탈지 청국장의 제조방법 및 이로부터 제조된 탈지 청국장의 추출물을 유효성분으로 함유하는 조성물에 관한 것으로서, 상세하게는 본 발명의 탈지 청국장 추출물은 류마티스 관절염을 유도한 동물모델에서 탁월한 관절염 억제 효과를 나타내므로, 염증관련 질환의 예방 및 치료용 조성물로 유용하게 이용될 수 있다.  또한 본 발명의 제조방법에 의해 제조된 탈지 청국장은 비극성 용매로 지방 성분을 제거하여 기존의 일반 청국장에 비하여 칼로리가 대폭 감소되는 저칼로리 식품 및 식품 첨가물로서 유용하게 이용될 수 있다.  탈지 청국장, 류마티스 관절염, 염증 관련 질환, 저칼로리 식품",1
88,"본 발명은 유일한 활성성분으로 쿠르쿠마 종의 추출물, 선택적으로 인지질과 복합체화된 형태의 쿠르쿠민, 및 에키네시아 종 추출물 또는 산초나무 종의 친유성 추출물을 함유하는 조성물에 관한 것으로서, 상기 조성물은 말초성 통증 및 표재성 및 심부 염증성 통증 상태의 국소 및 전신적 치료에 유용하다. 본 발명에 따른 조성물은 NSAID나 스테로이드로 장기간 치료할 수 없는 환자에서 골관절염 및 류마티스성 관절염을 치료하는데 특히 효과적이다.",1
89,"본 발명은 염증성 질환 치료 및 예방용 조성물에 관한 것으로서, 구체적으로 가시오가피, 중국당귀 및 황금 생약 추출물이 함유되어 있는 본 발명의 조성물은 엘루스로사이드 E, 리구스틸라이드, 바이칼린의 함량이 일정 범위로 최적화된 조성물로서, 관절조직에서 염증을 유발시키는 인자인 백혈구수, 인터루킨-6, TNF-α, 프로스타글란딘 E2를 감소시키며, 염증을 억제하는 프로스타글란딘 D2 합성효소를 증가시켜, 염증성 질환을 치료 및 예방하는데 유용하게 이용될 수 있다.  가시오가피, 중국당귀, 황금, 엘루스로사이드 E, 리구스틸라이드, 바이칼린, 염증성 질환, 관절염",0
90,"본 발명은 청각(Codium fragile)의 열수추출물을 유효성분으로 포함하는 것을 특징으로 하는 관절염 치료 또는 예방용 약학적 조성물을 제공함으로써 효과가 뛰어난 천연물 유래의 조성물을 제공할 수 있어, 관절염 개선의 효과를 기대하는 화장료, 음료, 기능성 식품 등에 이용할 수 있다.",0
91,"본 발명은  Uncaria  속 식물, 특히 아선약, 또는 그의 추출물을 포함하는 사이클로옥시게나제(cyclooxygenase: COX) 및/또는 5-리폭시게나제(5-lipoxygenase: 5-LO)에 의해 매개되는 생리학적 및 병리학적 이상 증상을 예방 또는 치료하기 위한 조성물, 및 상기  Uncaria  속 식물 추출물과 황금 및/또는 녹차 추출물의 배합 조성물에 관한 것으로, 본 발명의 조성물은 우수한 COX 및/또는 5-LO 억제 효과를 나타내며, 특히, 골관절염 또는 류마티스 관절염을 포함하는 다양한 COX 경로 및/또는 5-LO 경로에 의해 매개되는 질병 및 이상 증상의 예방 또는 치료에 사용할 수 있다.  아선약, 사이클로옥시게나제, 5-리폭시게나제",0
92,"본원에 기재된 발명은 오고닌으로 통증을 치료하기 위한 조성물 및 방법에 관한 것이다. 특히, 오고닌으로 근골격 통증 및 관절염을 치료하기 위한 조성물 및 방법이 본원에 기재된다.",0
93,"본 백두옹(Pulsatilla koreana) 추출물을 유효성분으로 포함하는 것을 특징으로 하는 염증성 질환 치료 및 예방용 조성물에 관한 것으로, 더욱 상세하게는 백두옹 추출물 중 악티제닌(Arctigenin)의 함량이 일정범위로 포함되도록 규격화 및 표준화시키고, 제제화하여, 진통억제, 급성염증억제 및 급성부종억제 등의 염증성 변화에 의하여 나타나는 제증상의 억제 효과가 우수하게 발현되어 관절염 등의 염증성 변화에 의한 질환 치료 및 예방에 유용한 약제로 사용할 수 있는 백두옹 추출물에 관한 것이다.",0
94,"본 발명은 아까시나무 잎 추출물을 유효성분으로 함유하는 IL-1β 관련 질환 예방 또는 치료용 약학조성물에 관한 것으로, 상기 아까시나무 잎 추출물은 세포독성 없이 IL-1β 수용체 신호전달을 억제하고 류마티스 관절염 동물모델에서 콜라겐에 의해 유도된 부종을 억제시키는 것이 확인됨에 따라, 본 발명의 아까시나무 잎 추출물을 유효성분으로 함유하는 조성물은 IL-1β와 관련된 염증 질환 및 자가면역 질환의 예방 또는 치료용 약학조성물 또는 건강식품으로 제공될 수 있다.",0
95,"본 발명은 익지 추출물을 유효성분으로 함유하는 고요산혈증 또는 고요산혈증 관련 대사 장애의 예방, 개선 또는 치료용 조성물에 관한 것으로, 본 발명의 익지 추출물은 동물모델의 혈청 내 요산을 저하시키는 효과가 있는 것으로, 천연물 유래의 유효성분이므로 안전할 뿐만 아니라, 원료 공급이 비교적 용이하므로, 고요산혈증 또는 고요산혈증 관련 대사 장애 관련 산업에 널리 활용될 수 있다. 특히, 통풍 또는 통풍성 관절염의 예방, 개선 또는 치료에 효과적으로 사용될 수 있다.",0
96,"본 발명은 매실나무 추출물의 통풍, 통풍성 관절염, 고뇨산혈증 예방치료 및 혈액지질 하강과/또는 염증 억제 기능을 구비한 조성물을 제조하는 과정에서의 응용을 공개하고 상기 기능을 구비한 추출물과 조성물을 제공한다.",0
97,"본 발명은 염증질환을 예방 및 치료할 수 있는 항염증 활성을 갖는 산국 추출물로부터 분리된 한델린을 함유하는 약리적 조성물에 관한 것이다. 본 발명에 따르면, 대식세포에서 내독소인 LPS에 의해 증가된 iNOS 및 COX-2의 발현량을 감소시킬뿐만 아니라, 동물 모델에서도 생성된 부종을 감소시키는 한델린이 비염, 기관지염, 간염, 관절염, 천식 등 염증반응에 관련 질병들에 대해 항염증 효과를 발휘하면서 이들 질병 예방과 치료에 도움을 줄 수 있다는 점을 확인하였다.",0
98,"청피 추출물 또는 이의 분획물은 히알루론산 생성 및 히알루론산 합성 효소의 발현을 효과적으로 촉진시키므로, 관절 보호, 관절염 예방 또는 치료, 피부 탄력 개선, 노화 예방, 피부 주름 예방 또는 치료, 및 피부 보습에 유용하게 사용될 수 있다.",0
99,"본 발명은 낙석등(  Trachelospermi caulis)  추출물을 함유하는 염증성 질환 예방 및 치료용 약제에 관한 것으로서, 더욱 상세하게는 낙석등의 추출물 중 악틴(Arctiin)의 함량이 일정범위로 포함되도록 규격화 및 표준화시키고, 제제화하여, 진통 억제, 급성염증 억제, 효소 p-p38 MAP 및 p-NFκB 단백질 발현량 억제, 급성부종 억제 등의 염증성 변화에 의하여 나타나는 제증상의 억제 효과가 우수하게 발현되어 관절염 등의 염증성 질환 예방 및 치료에 유효한 낙석등 추출물을 함유하는 약제에 관한 것이다.  낙석등, 관절염, 급성염증, 진통, 급성부종, 악틴, p-p38 MAP, p-NFκB",0
100,"본 발명은 독활 추출물을 유효성분으로 포함하는 관절염 예방 또는 치료용 약학적 조성물 에 관한 것으로, 보다 상세하게는 포제 독활 추출물을 유효성분으로 포함하는 관절염 예방, 개선 또는 치료용 조성물에 관한 것이다. 본 발명에 따른 포제 독활 추출물은 염증성 사이토카인의 발현을 억제하고, 동물 모델을 이용한 생체 내 실험에서 우수한 관절염 치료 효과를 가지는바, 관절염의 예방, 개선, 치료에 유용한 약학, 의약외품 또는 식품 조성물을 제공할 수 있다.",0
101,"본 개시의 일 측면은 유효성분으로 관절염 등의 치료 또는 개선에 유용한 위령선, 괄루근 및 하고초의 생약 추출물을 고함량 포함하는 제제에 관한 것이다. 본 개시의 일 측면에 따른 제제는 유효성분을 고함량 포함하면서도 크기가 작아 복약 편의성이 우수하고, 1일 2회 복용하더라도 우수한 관절염 치료 효과를 나타내는 방출 패턴 및 방출성을 가진다. 본 개시의 다른 측면은 위령선, 괄루근 및 하고초의 생약 추출물을 280-320 mg 포함하고, 1일 2회 복용하는 제제로 특정 방출 패턴을 가져 관절염 치료 효과가 뛰어난 제제에 관한 것이다.",0
102,"대맥자 추출물 또는 이의 분획물은 히알루론산 생성 및 히알루론산 합성 효소의 발현을 효과적으로 촉진시키므로, 관절 보호, 관절염 예방 또는 치료, 피부 탄력 개선, 노화 예방, 피부 주름 예방 또는 치료, 및 피부 보습에 유용하게 사용될 수 있다.",0
103,"본 발명은 오미자 추출물을 유효성분으로 포함하는 IL-1β에 의한 질환의 예방 또는 개선용 조성물, IL-1β에 의한 질환의 예방 또는 개선용 건강기능식품 조성물, 의약외품 조성물, 인간을 제외한 IL-1β에 의한 질환 의심 개체에 투여하는 단계를 포함하는, IL-1β에 의한 질환 치료 방법에 관한 것이다. 본 발명에 따른 조성물은 염증 반응 억제 및 기질 분해 억제 효과가 뛰어나 IL-1β에 의한 염증성 질환 또는 대사성 질환의 예방, 치료 또는 개선용으로 사용할 수 있고, 천연물 치료제로서 합성 의약품에 비하여 독성 및 부작용의 염려가 없는 안전한 치료제를 제공할 수 있다.",0
104,"본 발명은 염증 질환의 개선, 예방 또는 치료용 약제학적 조성물 및 건강기능식품 조성물을 제공한다. 본 발명의 조성물은 우수한 전염증성 사이토카인의 생성 억제 활성을 제공한다. 본 발명의 유효성분은 천연물 소재로, 화합물과 비교하여 인체 부작용이 적으며, 원재료의 수급이 용이하고, 생산비용이 경제적인 이점을 갖는다.",0
105,"본 발명은 꽃송이버섯 추출물을 유효성분으로 함유하는 골관절염 예방 또는 치료용 조성물에 관한 것으로, 상기 꽃송이버섯 추출물은 산화스트레스 인자인 활성산소종의 발생을 저해하고, 골관절염에 작용하여 염증성 사이토카인 및 매개 인자의 활성을 저해함으로써, 조골작용의 저해를 예방하고 파골작용을 억제함으로써 관절의 연골 및 조직의 파괴를 보호하고 개선시키는 효과가 확인됨에 따라, 상기 꽃송이버섯 추출물은 효과적인 골관절염 예방 또는 치료용 조성물로 제공될 수 있다.",0
106,본 발명은 동물실험을 통해 확인된 좁은잎천선과 잎 추출물의 관절염 개선 활성을 개시한다.,0
107,"본 발명은 항염증 활성을 갖는 백미(Cynanchum atratum), 민대극(Euphorbia ebracteolata), 이누라 헤리안터스-아쿠아티리스(Inula helianthus-aquatilis), 스테파니아 델라베이(Stephania delavayi) 추출물 및 이를 포함하는 천연물들의 혼합물에 관한 것으로, 더욱 상세하게는 항염증 활성을 갖는 백미(Cynanchum atratum), 민대극(Euphorbia ebracteolata), 이누라 헤리안터스-아쿠아티리스(Inula helianthus-aquatilis), 스테파니아 델라베이(Stephania delavayi)의 추출물 및 이를 포함하는 혼합 조성물로서 관절염 관련 질환의 예방 및 치료용 약학 조성물에 관한 것이다.  본 발명의 백미(Cynanchum atratum), 민대극(Euphorbia ebracteolata), 이누라 헤리안터스-아쿠아티리스(Inula helianthus-aquatilis), 스테파니아 델라베이(Stephania delavayi)의 추출물은 천연물 유래의 물질로써 독성 및 부작용이 없으며, 염증 반응의 핵심 매개물질인 일산화질소(Nitric Oxide)와 Tumor necrosis factor-α의 생성을 현저히 억제하고, 염증매개물질인 PGE  2  억제 작용등의 탁월한 항염증 효과를 가지므로 이를 함유...(이하생략)",0
108,"본 발명은, 활성 성분으로서, 히알루론산의 관능기 중 일부가 히알루론산의 이당류 유닛 성분의 총 수에 대하여 0.6% 내지 15%의 가교 비율로 가교기와 가교된 것인 가교된 히알루론산 유도체를 지속성 진통 효과를 갖는 양으로 제약상 허용된 담체와 함께 포함하는, 관절염 질환을 치료하기 위한 관절내 투여용 주사액, 및 상기 가교된 히알루론산 유도체 및 제약상 허용되는 담체를 포함하는, 관절염 질환에 의해 유발된 연골 퇴행 억제용 진통 조성물, 또는 연골 퇴행 또는 활막의 염증 억제용 조성물에 관한 것이다.  관절염 질환, 가교된 히알루론산 유도체, 장기 지속성",0
109,"본 발명은 민대극에서 추출한 인제놀-3-팔미테이트 (Ingenol-3-palmitate) 또는 인제놀-3-미리스티네이트 (Ingenol-3-myristinate) 화합물을 포함하는 항염증 효과를 갖는 약제학적 조성물에 관한 것이다. 관절염에 강력한 항염증 활성을 나타내는 본 발명의 민대극 (Euphorbia ebracteolata) 추출물 또는 분획물은 천연물 유래의 생약으로서 독성 및 부작용이 없으며, 염증 반응의 핵심 매개물질인 일질소산화물(Nitric Oxide)과 Tumor necrosis factor-α, Interleukin-1β의 생성을 현저히 억제하고, 염증매개물질인 PGE  2  억제 작용 등의 탁월한 항염증 효과를 가지므로 이를 함유하는 조성물은 관절염 염증 질환들을 근본적으로 치료하고 예방할 뿐만 아니라 증상을 완화 및 개선시키는데 유용하게 사용될 수 있다.",0
110,"본 발명은 우슬, 백출 및 봉선과 같은 생약의 추출물을 포함하는 관절염 예방 또는 치료용 약학적 조성물 및 항혈액암제용 약학적 조성물에 관한 것이다.  본 발명의 조성물은 신호 전달 물질로서 관절염의 발병에 중요한 역할을 하는 TNF-α의 생성을 억제할 수 있는 바, 관절염의 예방 및 치료에 널리 사용될 수있다. 게다가 인간 유래 혈액암 세포주에 대하여 항혈액암활성을 나타내는 바, 천연물질로 이루어진 항암제로서 널리 사용될 수 있다.",0
111,"본 발명은 계관 추출물, 즉, 닭벼슬 추출물을 유효 성분으로 함유하는 관절염 예방과 치료용 약침 조성물에 관한 것이다.  본 발명에 따라 제조된 계관 추출물을 유효 성분으로 함유하는 관절염 예방과 치료용 약침 조성물은 천연 재료인 닭벼슬로부터 유효한 약리 효과를 나타내는 성분을 추출하고, 이러한 추출액을 류마티스 관절염이 나타나는 부위에 가장 효과적으로 작용할 수 있는 경혈 또는 통처에 주사기를 사용하여 주입하는 약침 형태로 투여하여, 경락경혈의 치료작용과 약물의 약리작용을 혼합함으로써 우수한 류마티스 관절염에 대한 예방, 치료 효과를 나타낸다.",0
112,"본원은 복합 유산균으로 2단계 발효시킨 독활 발효물을 포함하는 관절염 예방 또는 치료용 조성물, 식품 조성물 및 그 제조 방법을 개시한다. 본원의 발효물은 복합 발효로 인해 발효되지 않은 경우와 비교하여 미네랄, 항산화 물질 및 아미노산이 현저히 강화된 것은 물론, 세포에 독성이 없으며, 염증반응과 관련된 인자의 억제를 통해 염증반응을 억제하여 관절염의 치료 또는 예방에 유용하게 사용될 수 있다.",0
113,"본 발명은 유럽종 포도(Vitis vinifera)의 씨 추출물의 개선된 제조방법을 제공한다. 또한, 본 발명은 유럽종 포도(Vitis vinifera)의 씨 추출물 및 약제학적으로 허용가능한 담체를 포함하는 류마티스 관절염의 예방 또는 치료용 약학 조성물을 제공한다.  유럽종 포도, 류마티스 관절염",0
114,"본 발명은 차조기 초임계 추출물을 유효성분으로 함유하여 관절염의 예방, 개선용 건강식품 조성물에 관한 것으로 차조기 잎을 건조시킨 후에 파쇄하여 제분하고, 초임계 추출공정으로 추출한 후에 상등액을 분리하여 제조된 차조기 초임계 추출물을 포함하는 것을 특징으로 한다.",0
115,"본 발명은 관절염 치료를 위하여 슈퍼옥사이드(Superoxide), 프로스타글란딘(PGE  2  ), 인터루킨-1β(Interleukin-1β)의 생성을 억제할 뿐만아니라, 결합조직의 기질인 콜라젠 단백질을 분해하는 콜라제나제(Collagenase)효소의 활성을 억제시킴과 동시에 콜라젠 단백질 합성을 촉진시키는 우슬추출물, 우백피추출물, 또는 이들의 혼합물을 함유한 류마토이드 관절염 치료용 약제조성물에 관한 것이다.",0
116,"본 발명은 로녹시캄(Lornoxicam)및 부시라민(Bucillamine)을 유효성분으로 포함하는 관절염 치료용 의약조성물에 관한 것이다. 본 발명은 로녹시캄과 부시라민을 병용투여할 경우, 로녹시캄 또는 부시라민을 단독 투여한 것에 비하여 카라기난으로 유발한 랫트의 부종의 억제 효과 및 초산으로 유발한 생쥐의 모세혈관 투과 억제효과의 항염증작용, 그리고 생쥐에서 초산으로 유발한 writhing syndrome 억제효과인 진통작용이 현저하게 우수하다는 것을 밝힌 것을 기초로 한다. 본 발명의 의약조성물은 예를 들어, 류마티스성 관절염, 골관절염, 퇴행성 관절염, 다발성 관절염, 요통, 발치후 동통, 두통, 수술 후 통증 및 염증, 치통, 생리통 등 해열소염진통효과를 필요로 하는 각종 질병의 치료에 사용될 수 있다.  로녹시캄, Lornoxicam, 부시라민, Bucillamine, 관절염, 소염, 진통",0
117,"본 발명은 인삼노두의 추출물을 유효성분으로 함유하는 관절염의 예방 또는 치료용 약학적 조성물 및 기능성 식품에 관한 것으로서, 보다 상세하게는 인삼노두를 메탄올 또는 메탄올과 물의 혼합용매로 추출하여 얻어진 인삼노두 메탄올 추출물 또는 상기 인삼노두 메탄올 추출물을 부탄올로 계통분획하여 얻어진 인삼노두 메탄올 추출물의 부탄올 분획물을 유효성분으로 함유하는 관절염의 예방 또는 치료용 약학적 조성물 및 기능성 식품에 관한 것이다. 본 발명의 관절염 예방 또는 치료용 약학적 조성물은 관절염의 유발시 생기는 혈관투과성, 부종이나 발적을 감소시킬 수 있을 뿐 아니라, 활액강(synovial cavity)내로 증가하는 엘라스타제(elastase)의 활성을 억제함으로써 부작용 없이 안전한 류마티스성 관절염의 예방 또는 치료제로 유용하게 사용될 수 있다.  인삼노두, 관절염, 기능성 식품",0
118,"본 발명은 전통 한의학 이론에 근거하여 한방 복합 생약을 이용하여 제조한 관절염 치료제에 관한 것으로, 보다 상세하게는 관절, 특히 연골에 대한 보호 작용 및 풍, 한, 습으로 인한 관절염의 증상을 근본적으로 개선시키고자 우슬, 방풍, 천마 등 20여가지 생약재를 적정비로 혼합하여 물 또는 알코올성 수용액으로 추출한 다음, 감압 농축하여 동결 건조시켜 만든 관절염 치료용 생약 조성물 및 그 제조방법에 관한 것이다.  본 발명의 관절염 치료용 복합 생약 조성물은 독성 등의 부작용이 없으면서 관절염에 대해서는 우수한 예방 및 치료 효과를 나타내며, 상기 방법에 의해 추출된 생약재 추출물을 선택적으로 가감하여 엑스제, 액제, 산제, 환제, 정제, 캅셀제 및 패취제 등으로 제조하여 건강 기능성 식품 및 의약품으로 제조하는 것을 특징으로 하는 것으로 유용하게 사용될 수 있다.  관절염, 생약 조성물, 연골 보호, IL-4, MMP-2, TIMP-2",0
119,"본 발명은 퇴행성관절염 개선효과가 있는 해조추출물을 포함하는 퇴행성관절염 조성물에 관한 것으로, 좀 더 상세하게는 관절의 구성 성분 중 연골과 그 주위의 뼈에 퇴행성 변화로 인해 발생하는 퇴행성관절염의 예방 및 개선을 위해, 해조에서 추출된 15개의 폴리페놀로 구성된 폴리플로로글루시놀 복합체를 10%이상 함유한 해조추출물을 포함하는 퇴행성관절염 조성물에 관한 것이다. 본 발명에 따른 상기 조성물은 14개 이상의 분해효소로 이루어진 메트릭스-메탈로-프로테이나아제 성분 중 하나인 엘라스타제의 활성을 억제시키는 강력한 항산화 효과를 가지고 있어, 염증반응으로 인한 조직 내의 엘라스틴과 콜라겐의 분해를 억제시키고, 부작용이 없으면서 퇴행성관절염 개선에 뛰어난 효과를 나타낸다.  관절염, 해조추출물, 폴리페놀, 폴리플로로글루시놀, 엘라스타제",0
120,"본 발명은 한방 약재를 함유하는 퇴행성관절염 치료용 건강보조식품 조성물로서, 40 내지 50중량%의 글루코사민, 20 내지 30 중량%의 뮤코다당단백질, 5 내지 10 중량%의 비타민C, 1 내지 5 중량%의 비타민E, 5 내지 10 중량%의 상어연골분말, 3 내지 7 중량%의 우슬추출물분말, 3 내지 7 중량%의 모과추출물분말, 1 내지 2 중량%의 두충추출물분말, 1 내지 2 중량%의 자당지방산에스테르를 포함하는 것을 특징으로 하는 퇴행성관절염 치료용 건강보조식품 조성물에 관한 것이다.  퇴행성관절염, 글루코사민, 뮤코다당단백질(콘드로이친함유), 비타민C, 비타민E, 상어연골, 우슬, 모과, 두충, 자당지방산에스테르",0
121,"본 발명은 관절염 예방 및 치료에 탁월한 효과를 보이는 카테킨 추출물을 포함하는 조성물 및 그 제조방법에 관한 것이다. 특히, 본 발명은 기존의 관절염약의 부작용을 감소시킨 카테킨 추출물 또는 이것의 염 및 약학적으로 허용가능한 담체를 포함하는 약학 조성물, 또는 건강보조식품 및 식품 첨가물에 관한 것이다.  카테킨, 녹차, 관절염, 글루코사민, 콘드로이친, 약학조성물, 식품첨가제, 건강보조식품",0
122,"본 발명은 퇴행성관절염 개선 효과가 있는 글루코사민을 포함하는 퇴행성관절염 예방, 개선을 위한 조성물 및 그 제조방법에 관한 것으로 좀더 상세하게는 관절의 구성성분 중 연골과 그 주위의 뼈에 퇴행성 변화로 인해 발병하는 퇴행성관절염의 예방 및 개선을 위해 글루코사민, 보스웰리아 추출물분말, 달팽이 추출물분말, 녹색잎홍합건조분말, 은행잎 추출물분말 및 스테아린산마그네슘을 포함하는 퇴행성관절염 예방 및 개선 시킬 수 있는 조성물 및 그 제조방법에 관한 것이다. 본 발명에 따른 상기 조성물은 관절 연골의 구성 성분인 글루코사민, 항 염증효과가 있는 보스웰리아 추출물분말, 뮤코다당체 성분을 함유한 달팽이 추출물분말 등으로 구성하며 부작용이 없으면서 퇴행성관절염 예방 및 개선에 뛰어난 효과를 나타낸다.  퇴행성관절염, 변행성관절염, 글루코사민, 녹색잎홍합건조분말, 달팽이추출물분말",0
123,"본 발명은 골관절염 예방 및 치료를 위해, 지치 뿌리의 천연 색소를 함유하는 조성물 및 이의 제조 방법에 관한 것이다.  본 발명의 지치 뿌리 추출물을 함유하는 조성물은 단독으로 사용되더라도 골관절염에 유의한 작용효과를 보여주어, 골관절염 예방제 및 치료제 또는 골관절염 건강 기능식품으로도 널리 활용될 수 있다.",0
124,본 발명은 필란투스 테넬루스의 추출물을 함유하는 골관절염 예방 및 치료용 조성물에 관한 것이다. 본 발명의 조성물은 특히 골관절염 예방 및 치료용으로 사용할 수 있다.,0
125,"본 발명은 생약추출물을 포함하는 관절염 치료 및 예방용 조성물의 제조방법 및 그 제조방법에 의해 제조된 조성물에 관한 발명으로, Achyranthis 뿌리 및 Atractylodes japonica 뿌리의 물 추출 조성물을 포함하는 본 발명의 조성물은 탁월한 신경통 및 관절염 치료 효과가 있으며, 특히 글루코사민 및 발효유산 칼슘을 보강하여 유당으로 제형화 함으로써 약효증진과 정제, 산제, 과립제, 환제, 액제 및 캡슐제로 편리하게 제조하여 간편한 복용으로 만성 골질환 치료에 사용할 수 있다.  관절염 예방 및 치료, 항 염증, 우슬, 창출, 맥아",0
126,"본 발명은 생약추출물을 포함하는 관절염 치료 및 예방용 조성물의 제조방법 및 그 제조방법에 의해 제조된 조성물에 관한 발명으로,  Achyranthis  뿌리 및  Atractylodes japonica  뿌리의 약제학적 추출 조성물인 본 발명의 조성물은 관절염 치료 효과가 있으며, 특히 이의 발효 등의 산물이 관절염 치료에 더욱 우수한 효과가 있어서, 기존의 화학요법적 치료제에 대체하여 사용할 수 있는 탁월한 효능의 관절염 예방 및 치료제로 사용될 수 있다.  관절염 예방 및 치료, 항 염증, 발효, 우슬, 창출",0
127,"본 발명은 갈색거저리 현탁액을 유효성분으로 포함하는 류마티스 관절염 예방 또는 치료용 조성물에 관한 것이다.  본 발명인 항류마티스효과를 갖는 갈색거저리 현탁액의 제조방법은, 동결건조된 갈색거저리를 분쇄시키는 제1단계, 상기 제1단계에서 분쇄된 갈색거저리와 에탄올을 혼합하여 갈색거저리 혼합액을 제조하는 제2단계, 상기 제2단계에서 제조된 갈색거저리 혼합액을 초음파 분쇄기로 미세화시키는 제3단계 및, 상기 제3단계에서 미세화된 갈색거저리 혼합액을 원심분리 시킨 후, 상층액을 회수하고 여과시키는 제4단계를 포함하여, 파골세포 분화억제를 통해 항류마티스효과를 갖는 것이 특징이다.  본 발명에 의해, 파골세포 분화억제를 통해 항류마티스 효과를 갖는 갈색거저리 현탁액을 유효성분으로 포함하는 류마티스 관절염 예방 또는 치료용 조성물이 제공된다.",0
128,"본 발명은 꿀, 오디 및 두충을 함유하는 관절염의 예방 또는 치료용 조성물에 관한 것으로서, 상기 조성물은 관절염을 억제하는 효과가 뛰어나면서도 식품으로 허용된 천연물로 제조된 것이기에, 체질에 상관없이 복용이 가능하며 인체에 부작용이 전혀 발생하지 않아 관절염 예방 및 치료용 조성물로 유용하게 이용할 수 있다.",0
129,"본 발명은 연골재생 및 골관절염 치료용 생약조성물에 관한 것으로 더욱 상세하게는 천연재료를 혼합하여 제조함으로써 혼합된 추출물끼리 시너지효과를 일으켜 연골세포를 증식시키고 골관절의 염증을 완화 및 해소할 수 있는 연골재생 및 골관절염 치료용 생약조성물에 관한 것이다.  본 발명의 연골재생 및 골관절염 치료용 생약조성물은 아마씨 추출물 2 ~ 15 중량%, 당근 추출물 0.5 ~ 10 중량%, 논고동 추출물 2 ~ 15 중량%, 양파 추출물 4 ~ 15 중량%, 고사리 추출물 2 ~ 15 중량%, 메기 추출물 0.3 ~ 10 중량%, 감초 추출물 2 ~ 15 중량%, 흑마늘 추출물 0.3 ~ 10 중량%, 연근 추출물 0.2 ~ 10 중량%, 계피 추출물 2 ~ 15 중량%, 어성초 추출물 2 ~ 15 중량%, 죽염 추출물 2 ~ 15 중량%, 울금 추출물 3 ~ 15 중량%, 겨우살이 추출물 2 ~ 15 중량%, 홍화씨 추출물 2 ~ 15 중량%, 우슬 추출물 2 ~ 15 중량%, 가시오가피 추출물 2 ~ 15 중량%, 두릅 추출물 2 ~ 15 중량%, 함초 추출물 2 ~ 15 중량%, 헛개나무 추출물 2 ~ 15 중량%, 김 추출물 2 ~ 15 중량%의 조합으로 조성되는 것을 특징으로 한다.",0
130,"본 발명은 한약재의 일종인 마황(麻黃.  Ephedra sinica  Stapf)의 열탕, 또는 유기 용매 추출의 방법으로 제조되며, 만성자가면역질환인 류마티스 관절염의 치료에 효과적인 마황 추출물을 유효성분으로 포함하는 약제학적 조성물에 관한 것이다. 본 발명의 마황 추출물은 고순도 반복 정제 후, 환부의 특정부위(한의학적 혈자리)에 미량 주입되어 난치성 만성질환인 류마티스의 병리증상을 신경 행동학적, 분자생물학적 기전을 통해 억제함으로써 우수한 류마티스 치료효과를 나타낼 뿐 아니라 전통적으로 사용되어 온 한방약재를 사용함으로써 인체에 안전하고 부작용을 최소화할 수 있어 항 자가면역성 의약품과 기능성 식품 및 생활용품에 다양하게 이용될 수 있다.  마황, 약침, 류마티스 관절염, 자가면역질환, 경혈, Adjuvant-induced Arthritis(AIA), 사이토카인(cytikine)",0
131,"본 발명은 항염활성을 갖는 홍삼 추출물에 관한 것으로, 보다 구체적으로는 항염활성을 갖는 홍삼 추출물, 상기 추출물을 유효성분으로 함유하는 관절염 치료제 및 관절염 예방 및 개선용 건강식품에 관한 것이다. 본 발명의 홍삼 추출물은 항염, 항관절염, 항진통, 면역증강 효과 및 산화질소 생성 억제능이 우수하여 관절염을 치료 또는 예방하는데 유용하게 사용될 수 있다.",1
132,"본 발명은 복분자의 열매 또는 뿌리와 잎을 주재료로 하고, 오가피, 인진쑥, 생강, 감초, 대추를 주재료에 섞어 다려 얻은 농축액을 레토르트파우치 포장하므로서, 부담없이 일상적으로 마실 수 있는 관절염에 효과가 있는 건강보조음료에 관한 것으로서, 오가피 10 ∼ 12wt%, 인진쑥 10 ∼ 12wt%, 생강 10 ∼ 12wt%, 감초 10 ∼ 12wt%, 대추 12 ∼ 15wt%, 잔부는 복분자인 것을 특징으로 한다.",1
133,"본 발명은 염증성 질환 및 통증에 효과적인 당귀, 목진피, 황금 추출물을 함유하고 연골재생의 효과가 있는 글루코사민을 포함한 관절염 치료용 조성물에 관한 것이다.  당귀, 목진피, 황금, 염증, 관절염",1
134,"본 발명은 항염증 효과를 갖는 지실, 금은화 및 백지의 생약 혼합추출물 및 이를 함유하는 약학조성물에 관한 것으로, 상세하게는 본 발명의 조성물은 항염증 및 통증억제 효과가 있으므로, 이를 포함하는 조성물은 류마티스성 관절염 예방 및 치료에 효과적인 의약품 및 건강기능식품으로 유용하게 이용될 수 있다.  지실, 금은화, 백지, 항염증, 통증억제, 류마티스성 관절염, 약학조성물, 건강기능식품",1
135,"발명은 하기 발생 및 질병 단계로부터 연골세포에 발현되는 한개 또는 그 이상의 폴리뉴클레오티드를 제공한다: 태아, 정상, 마일드, 골관절염, 온건한 골관절염, 현저한 골관절염. 발명은 또한 이러한 폴리뉴클레오티드 시퀀스의 임의의 조합을 포함하는 배열 및 조성물에 관한 것이다. 발명은 또한 골관절염을 진단하기 위해 발명의 배열을 사용하는 방법을 제공한다. 발명은 또한 발명의 폴리뉴클레오티드의 발현 레벨을 변경하거나 또는 콘드로라이트의 동화작용 레벨을 변경하는 치료제를 확인하는 방법을 제공한다.",1
136,"본 발명은 항염활성을 갖는 홍삼 추출물, 글루코사민, 상어연골분말, 비타민 C 및 MnCl  2  를 포함하는 관절염 치료제 및 관절염 예방 및 개선용 건강 식품에 관한 것이다. 홍삼 추출물과 본 발명의 치료제 및 건강 식품에 포함되는 유효 성분은 항염, 항관절염, 항진통 및 면역증강 효과가 우수하여 관절염을 예방 또는 치료하는데 유용하게 사용될 수 있다.",1
137,"본 발명은 한약재의 일종으로서 사람의 태반을 건조시킨 자하거(紫河車, Hominis Placenta)의 열탕, 또는 유기 용매 추출의 방법으로 제조되며, 만성자가면역질환인 류마티스 관절염의 치료에 효과적인 자하거 추출물을 유효성분으로 포함하는 약제학적 조성물에 관한 것이다. 본 발명의 자하거 추출물은 고순도 반복 정제 후, 환부의 특정부위에 미량 주입되어 난치성 만성질환인 류마티스의 병리증상을 신경 행동학적, 면역학적, 분자생물학적 기전을 통해 억제함으로써 우수한 류마티스 치료효과를 나타낼 뿐 아니라 전통적으로 사용되어 온 한방약재를 사용함으로써 인체에 안전하고 부작용을 최소화할 수 있어 항 자가면역성 의약품과 기능성 식품 및 생활용품에 다양하게 이용될 수 있다.  자하거, 약침, 류마티스 관절염, 자가면역질환, 경혈",1
138,"본 발명은 천연생약인 가시오가피 및 치자 추출물을 유효성분을 함유하는 관절염 예방 및 치료용 조성물에 관한 것이다. 본 발명의 가시오가피 및 치자 추출물은 관절염의 원인 중 하나인 염증성 물질의 생성억제 및 통증완화 효과가 우수하였으며, 가시오가피 및 치자 추출물을 유효성분으로 함유하는 조성물을 투여하였을 경우 위약대조군에 비해 현저한 관절염 통증완화 효과 및 관절부위 붓기 완화효과를 나타내는 뛰어난 효과가 있었다. 따라서, 본 발명의 조성물은 관절염 치료제 또는 예방제로 사용될 수 있을 뿐만 아니라 건강 식품으로도 널리 유용하게 사용될 수 있다.",1
139,"본 발명은 류마티스 질환을 치료하기 위한 영양 조성물에 관한 것이다. 영양 조성물은 1) 하나 이상의 오메가-3 장쇄 다중불포화 지방산 및 2) 하나 이상의 오메가-6 장쇄 다중불포화 지방산중 하나 이상을 함유하는 지방 공급원; 탄수화물 공급원; 단백질 공급원; 및 보스웰리아 추출물 및 플레보디움 추출물중 하나 이상을 함유한다. 또한 본 발명은 피검자에게 상기된 유효량의 영양 조성물을 투여함을 포함하여, 류마티스 질환 및 이의 증상을 치료하는 방법에 관한 것이다.  영양 조성물, 류마티스 관절염, 보스웰리아 추출물, 플레보디움 추출물, 폴리페놀",1
140,"본 발명은 올리브 오일, 차나무오일, Eucalyptol oil 을 주성분으로 함유하는 신규의 골관절 및 류마티스성 관절염 치료용 겔제제를 제공하는 것이며, 24시간 이상 서서히 방출되는 지속성을 가지는 겔제제를 제공하는 것이며 본 발명의 겔 제제는 카보머류 및 폴록사머류에서 선택되는 자가겔화제를 이용하여 유상의 주성분을 수상과 동시에 혼화시켜 균일한 입자의 조성을 갖도록 응집력 및 점도를 조절하여 약효를 지속시키고, 주성분으로 함유된 유상의 지질친화성으로 인하여 경피흡수의 장애가 되는 스트라툼 코니움(stratum cornium)의 침투를 용이하게 하는 특성을 가진다.  천연오일, 관절염치료제, 겔, 자가겔화.",1
141,"본 발명은 골 관절염 치료용 생약제 및 그 조성물에 관한 것으로서, 더욱 상세하게는 Sacchromyces cerevisae BH02 변이주 또는 Sacchromyces exiguus BH12 변이주에 의해 생물전환 된 해동피 추출물을 주성분으로 포함하는 것을 특징으로 하는 골 관절염 치료용 생약제 및 이를 함유하는 생약 조성물에 것이다.  해동피 추출물, 생물전환, 골관절염",1
142,"본 발명의 과제는 관절염 예방 또는 치료제, 또는 관절염의 예방 또는 치료용 음식품, 음식품 첨가제, 사료 또는 사료 첨가제를 제공하는 데 있다. 상기 과제를 해결하기 위해서, 본 발명은, 수국속에 속하는 식물의 식물체 또는 상기 식물체 추출물, 및 아미노당 또는 그의 염 및(또는) 글리코사미노글리칸 또는 그의 염을 유효 성분으로서 함유하는 관절염의 예방 또는 관절염의 예방 또는 치료용 음식품, 음식품 첨가제, 사료 첨가제를 제공한다.  관절염 예방 또는 치료제, 음식품, 사료, 수국, 글리코사미노글리칸",1
143,"본 발명은 연골 재생 및 골관절염 치료용 생약 조성물에 관한 것으로서, 보다 상세하게는 강활, 인진 및 소엽을 포함하는 연골 재생 및 골관절염 치료용 조성물에 관한 것이다.  본 발명의 조성물은 항염증 작용, 소염 진통작용, 관절 조직 분해 효소 억제 작용, 염증 유발 관련 효소 억제 작용, 발부종 억제, 관절활액의 증가 억제 작용, 관절활액의 총단백질 증가 억제 등의 치료 효능이 있어 연골 재생 및 골관절염 치료제로 이용가능하다.  강활 추출물, 인진 추출물, 소엽 추출물, 프로테오글리칸, 프로스타글란딘, MMP-9, COX-2, 연골 재생제, 골관절염.",1
144,"관절염 치료 효과를 지니는 기능성 식품 조성물이 제공된다.  본 발명에 따른 관절염 치료 효과를 지니는 기능성 식품 조성물은 율무 19~26.1중량%, 검정콩 19~26.1중량%, 대추 2.4~11.1중량%, 검은깨 7.4~10.7중량%, 하수오 11.2~15.9중량%, 멸치 7.4~10.7중량%, 뽕잎 3.7~5.4중량%, 및 홍삼 7.4~10.7중량%를 포함하는 것을 특징으로 하며, 관절염으로 인한 통증을 완화시켜 관절염 치료 효과가 뛰어나며, 잇몸 치주질환 등으로 인한 통증의 완화효과도 갖는다.  관절염, 율무, 검정콩, 대추, 검은깨, 하수오, 멸치, 뽕잎, 홍삼",1
145,"본 발명은 엉겅퀴(Cirsium japonicum var. ussuriense) 잎의 추출물을 함유하여 류마티스성 관절염 증상의 개선에 효과적인 관절염 개선용 조성물에 관한 것이다. 보다 구체적으로는 엉겅퀴 잎의 열수추출물을 함유하여 염증세포뿐 아니라 비만세포의 침윤을 현저하게 감소시키며, PGE  2  , TNF-α, IL-6, IL-4와 같은 염증유발 사이토카인을 억제하고 염증억제 사이토카인인 IL-10을 증가시켜 류마티스 관절염 개선 효과가 탁월한 관절염 개선용 조성물에 관한 것이다.",1
146,"본 발명은 어성초 초임계 추출물을 유효성분으로 함유하는 관절염 질환의 예방 및 치료용 조성물에 관한 것이다. 본 발명의 어성초 초임계 추출물을 유효성분으로 함유하는 조성물은 항염활성 및 통증 억제 효과가 우수하고 관절염을 완화시키므로 관절염 질환의 예방, 치료 및 개선에 효과적으로 사용될 수 있다  어성초, 초임계, 관절염",1
147,"본 발명은 항염증 활성과 파골세포 억제 효과를 갖는 두충 추출물, 상기 추출물을 유효성분으로 함유하는 류마티스 관절염 예방 또는 치료용 약학 조성물 및 상기 추출물을 유효성분으로 함유하는 류마티스 관절염 예방 또는 개선용 건강기능식품에 관한 것이다.  본 발명의 두충 추출물은 류마티스 관절염에 유용한 물질로서, 류마티스에 관련된 질병의 예방제 및 치료제로서 뛰어난 효능이 있다.  두충, 열수 추출물, 류마티스 관절염, 약학 조성물, 건강기능식품",1
148,"본 발명은 유효성분으로서 다음과 같은 진세노사이드 함량을 나타내는 홍삼 발효액을 포함하는 관절염 예방 또는 치료용 조성물에 관한 것이다: 진세노사이드 Rh1 1.0-5.0 ㎎/g, 진세노사이드 Rg2 1.0-5.0 ㎎/g, 진세노사이드 F1 0.5-2.0 ㎎/g 및 화합물 K 5.0-10.0 ㎎/g. 본 발명의 조성물은 관절염 예방 또는 치료용 조성물이며 상기 관절염은 바람직하게는 류마티스 관절염, 골 관절염 또는 섬유근통 관절염이고, 보다 바람직하게는 류마티스 관절염이다. 본 발명의 홍삼 발효액은 제 1항에 있어서, 상기 조성물은 관절염 발전의 원인이 된다고 알려진 매커니즘을 억제한다. 바람직하게는, IL-1β에 의해 매개되는 일산화질소(NO) 및 매트릭스 메탈로프로테인나아제-13(MMP-13)의 생성을 억제하고, IL-1β에 의해 매개되는 글리코사미노글리칸(GAG)의 생성을 억제한다. 본 발명의 조성물은 관절염 예방 또는 치료용 약제학적 조성물 및 식품 조성물로 제공될 수 있다.",1
149,"본 발명은 전통 한의약 이론에 근거하여 한방의 복합 생약추출물에 발효기술을 이용하여 제조된 조성물이 관절염 치료 및 예방에 관한 발명으로 두충, 당귀, 창출, 우슬, 위령선, 몰약, 독활 등의 10여 가지 생약재를 물 또는 알코올성 수용액으로 추출 및 발효 농축한 얻은 약제학적 조성물인 본 발명의 조성물은 관절염 치료 및 예방에 효과가 있으며, 특히 이의 발효 등의 산물이 관절염 치료에 더욱 효과가 있어서 기존의 화학요법적 치료에 대체하여 부작용이 없으면서 탁월한 효능의 관절염 예방 및 치료제로 사용할 수 있다.  관절염, 발효, 생약",1
